yearly_agency_id,agency_id,data_year,ori,legacy_ori,covered_by_legacy_ori,direct_contributor_flag,dormant_flag,dormant_year,reporting_type,ucr_agency_name,ncic_agency_name,pub_agency_name,pub_agency_unit,agency_status,state_id,state_name,state_abbr,state_postal_abbr,division_code,division_name,region_code,region_name,region_desc,agency_type_name,population,submitting_agency_id,sai,submitting_agency_name,suburban_area_flag,population_group_id,population_group_code,population_group_desc,parent_pop_group_code,parent_pop_group_desc,mip_flag,pop_sort_order,summary_rape_def,pe_reported_flag,male_officer,male_civilian,male_officer+male_civilian,female_officer,female_civilian,female_officer+female_civilian,officer_rate,employee_rate,nibrs_cert_date,nibrs_start_date,nibrs_leoka_start_date,nibrs_ct_start_date,nibrs_multi_bias_start_date,nibrs_off_eth_start_date,covered_flag,county_name,msa_name,publishable_flag,participated,nibrs_participated
129392022,12939,2022,NY0010100,NY0010100,,N,N,,I,ALBANY,ALBANY CITY PD ALBANY,Albany,,A,38,New York,NY,NY,2,Middle Atlantic,1,Northeast,Region I,City,98104,23384,NYUCR0001,New York State Division of Criminal Justice Services Office of Justice Research and Performance,N,7,3,"Cities from 50,000 thru 99,999",3,"Cities from 50,000 thru 99,999",N,7,,Y,268,36,304,26,43,69,3.0,3.8,2019-01-01,2020-11-01,2021-01-01,2021-01-01,2021-01-01,2021-01-01,N,ALBANY,"Albany-Schenectady-Troy, NY",Y,Y,Y
129462022,12946,2022,NY0015100,NY0015100,,N,N,,I,BETHLEHEM TOWN,BETHLEHEM TOWN PD DELMAR,Bethlehem Town,,A,38,New York,NY,NY,2,Middle Atlantic,1,Northeast,Region I,City,34872,23384,NYUCR0001,New York State Division of Criminal Justice Services Office of Justice Research and Performance,Y,8,4,"Cities from 25,000 thru 49,999",4,"Cities from 25,000 thru 49,999",N,8,,Y,32,6,38,5,9,14,1.1,1.5,2019-01-01,2021-01-01,2021-01-01,2021-01-01,2021-01-01,2021-01-01,N,ALBANY,"Albany-Schenectady-Troy, NY",Y,Y,Y
129482022,12948,2022,NY0015300,NY0015300,,N,N,,I,COLONIE TOWN,COLONIE TOWN PD LATHAM,Colonie Town,,A,38,New York,NY,NY,2,Middle Atlantic,1,Northeast,Region I,City,81035,23384,NYUCR0001,New York State Division of Criminal Justice Services Office of Justice Research and Performance,N,7,3,"Cities from 50,000 thru 99,999",3,"Cities from 50,000 thru 99,999",N,7,,Y,107,28,135,7,17,24,1.4,2.0,2019-01-01,2021-01-01,2021-01-01,2021-01-01,2021-01-01,2021-01-01,N,ALBANY,"Albany-Schenectady-Troy, NY",Y,Y,Y
129682022,12968,2022,NY0030000,NY0030000,,N,N,,I,BROOME,BROOME CO SHERIFF'S DEPARTMENT BINGHAMTON,Broome,,A,38,New York,NY,NY,2,Middle Atlantic,1,Northeast,Region I,County,90751,23384,NYUCR0001,New York State Division of Criminal Justice Services Office of Justice Research and Performance,Y,20,9B,"MSA counties from 25,000 thru 99,999",9,MSA Counties,N,20,,Y,55,8,63,4,14,18,0.7,0.9,2019-01-01,2020-01-01,2020-01-01,2020-01-01,2020-01-01,2020-01-01,N,BROOME,"Binghamton, NY",Y,Y,Y
129692022,12969,2022,NY0030100,NY0030100,,N,N,,I,BINGHAMTON,BINGHAMTON CITY PD BINGHAMTON,Binghamton,,A,38,New York,NY,NY,2,Middle Atlantic,1,Northeast,Region I,City,47259,23384,NYUCR0001,New York State Division of Criminal Justice Services Office of Justice Research and Performance,N,8,4,"Cities from 25,000 thru 49,999",4,"Cities from 25,000 thru 49,999",N,8,,Y,112,3,115,12,8,20,2.6,2.9,2019-01-01,2019-01-01,2019-01-01,2020-01-01,2020-01-01,2020-01-01,N,BROOME,"Binghamton, NY",Y,Y,Y
129702022,12970,2022,NY0030200,NY0030200,,N,N,,I,ENDICOTT VILLAGE,ENDICOTT VILLAGE PD ENDICOTT,Endicott Village,,A,38,New York,NY,NY,2,Middle Atlantic,1,Northeast,Region I,City,13397,23384,NYUCR0001,New York State Division of Criminal Justice Services Office of Justice Research and Performance,Y,9,5,"Cities from 10,000 thru 24,999",5,"Cities from 10,000 thru 24,999",N,9,,Y,28,0,28,4,2,6,2.4,2.5,2019-01-01,2019-01-01,2019-01-01,2019-01-01,2019-01-01,2019-01-01,N,BROOME,"Binghamton, NY",Y,Y,Y
129712022,12971,2022,NY0030300,NY0030300,,N,N,,I,JOHNSON CITY VILLAGE,JOHNSON CITY VILLAGE PD JOHNSON CITY,Johnson City Village,,A,38,New York,NY,NY,2,Middle Atlantic,1,Northeast,Region I,City,15107,23384,NYUCR0001,New York State Division of Criminal Justice Services Office of Justice Research and Performance,Y,9,5,"Cities from 10,000 thru 24,999",5,"Cities from 10,000 thru 24,999",N,9,,Y,39,2,41,2,2,4,2.7,3.0,2019-01-01,2019-01-01,2019-01-01,2020-01-01,2020-01-01,2020-01-01,N,BROOME,"Binghamton, NY",Y,Y,Y
129762022,12976,2022,NY0036400,NY0036400,,N,N,,I,VESTAL TOWN,VESTAL TOWN PD VESTAL,Vestal Town,,A,38,New York,NY,NY,2,Middle Atlantic,1,Northeast,Region I,City,29553,23384,NYUCR0001,New York State Division of Criminal Justice Services Office of Justice Research and Performance,Y,8,4,"Cities from 25,000 thru 49,999",4,"Cities from 25,000 thru 49,999",N,8,,Y,36,1,37,4,3,7,1.4,1.5,2019-01-01,2019-01-01,2019-01-01,2019-01-01,2019-01-01,2019-01-01,N,BROOME,"Binghamton, NY",Y,Y,Y
129782022,12978,2022,NY0040000,NY0040000,,N,N,,I,CATTARAUGUS,CATTARAUGUS CO SHERIFF'S DEPT LITTLE VALLEY,Cattaraugus,,A,38,New York,NY,NY,2,Middle Atlantic,1,Northeast,Region I,County,48863,23384,NYUCR0001,New York State Division of Criminal Justice Services Office of Justice Research and Performance,N,14,8B,"Non-MSA counties from 25,000 thru 99,999",8,Non-MSA Counties,N,14,,Y,45,8,53,9,19,28,1.1,1.7,2019-01-01,2020-12-01,2020-12-01,2020-12-01,2020-12-01,2020-12-01,N,CATTARAUGUS,Not Specified,Y,Y,Y
129792022,12979,2022,NY0040100,NY0040100,,N,N,,I,OLEAN,OLEAN CITY PD OLEAN,Olean,,A,38,New York,NY,NY,2,Middle Atlantic,1,Northeast,Region I,City,13671,23384,NYUCR0001,New York State Division of Criminal Justice Services Office of Justice Research and Performance,N,9,5,"Cities from 10,000 thru 24,999",5,"Cities from 10,000 thru 24,999",N,9,,Y,34,1,35,1,5,6,2.6,3.0,2019-01-01,2021-01-01,2021-01-01,2021-01-01,2021-01-01,2021-01-01,N,CATTARAUGUS,Not Specified,Y,Y,Y
129922022,12992,2022,NY0050000,NY0050000,,N,N,,I,CAYUGA,CAYUGA CO SHERIFF'S DEPARTMENT AUBURN,Cayuga,,A,38,New York,NY,NY,2,Middle Atlantic,1,Northeast,Region I,County,45558,23384,NYUCR0001,New York State Division of Criminal Justice Services Office of Justice Research and Performance,N,14,8B,"Non-MSA counties from 25,000 thru 99,999",8,Non-MSA Counties,N,14,,Y,29,0,29,5,7,12,0.7,0.9,2019-01-01,2019-12-01,2019-12-01,2020-07-01,2020-07-01,2020-07-01,N,CAYUGA,Not Specified,Y,Y,Y
129932022,12993,2022,NY0050100,NY0050100,,N,N,,I,AUBURN,AUBURN CITY PD AUBURN,Auburn,,A,38,New York,NY,NY,2,Middle Atlantic,1,Northeast,Region I,City,26531,23384,NYUCR0001,New York State Division of Criminal Justice Services Office of Justice Research and Performance,N,8,4,"Cities from 25,000 thru 49,999",4,"Cities from 25,000 thru 49,999",N,8,,Y,53,8,61,10,3,13,2.4,2.8,2019-01-01,2020-01-01,2020-01-01,2020-01-01,2020-01-01,2020-01-01,N,CAYUGA,Not Specified,Y,Y,Y
129992022,12999,2022,NY0060000,NY0060000,,N,N,,I,CHAUTAUQUA,CHAUTAUQUA CO SHERIFF'S DEPARTMENT MAYVILLE,Chautauqua,,A,38,New York,NY,NY,2,Middle Atlantic,1,Northeast,Region I,County,57500,23384,NYUCR0001,New York State Division of Criminal Justice Services Office of Justice Research and Performance,N,14,8B,"Non-MSA counties from 25,000 thru 99,999",8,Non-MSA Counties,N,14,,Y,60,26,86,6,16,22,1.1,1.9,2019-01-01,2020-07-01,2020-07-01,2020-08-01,2020-08-01,2020-08-01,N,CHAUTAUQUA,Not Specified,Y,Y,Y
130002022,13000,2022,NY0060100,NY0060100,,N,N,,I,DUNKIRK,DUNKIRK CITY PD DUNKIRK,Dunkirk,,A,38,New York,NY,NY,2,Middle Atlantic,1,Northeast,Region I,City,12530,23384,NYUCR0001,New York State Division of Criminal Justice Services Office of Justice Research and Performance,N,9,5,"Cities from 10,000 thru 24,999",5,"Cities from 10,000 thru 24,999",N,9,,Y,35,0,35,2,1,3,3.0,3.0,2019-01-01,2020-08-01,2020-08-01,2020-08-01,2020-08-01,2020-08-01,N,CHAUTAUQUA,Not Specified,Y,Y,Y
130012022,13001,2022,NY0060200,NY0060200,,N,N,,I,JAMESTOWN,JAMESTOWN CITY PD JAMESTOWN,Jamestown,,A,38,New York,NY,NY,2,Middle Atlantic,1,Northeast,Region I,City,28208,23384,NYUCR0001,New York State Division of Criminal Justice Services Office of Justice Research and Performance,N,8,4,"Cities from 25,000 thru 49,999",4,"Cities from 25,000 thru 49,999",N,8,,Y,53,5,58,8,5,13,2.2,2.5,2019-01-01,2019-01-01,2019-01-01,2020-07-01,2020-07-01,2020-07-01,N,CHAUTAUQUA,Not Specified,Y,Y,Y
130022022,13002,2022,NY0062000,NY0062000,,N,N,,I,LAKEWOOD-BUSTI,LAKEWOOD BUSTI VILLAGE PD LAKEWOOD,Lakewood-Busti,,A,38,New York,NY,NY,2,Middle Atlantic,1,Northeast,Region I,City,7434,23384,NYUCR0001,New York State Division of Criminal Justice Services Office of Justice Research and Performance,N,10,6,"Cities from 2,500 thru 9,999",6,"Cities from 2,500 thru 9,999",N,10,,Y,10,0,10,1,1,2,1.5,1.6,2019-01-01,2020-07-01,2020-07-01,2020-07-01,2020-07-01,2020-07-01,N,CHAUTAUQUA,Not Specified,Y,Y,Y
130092022,13009,2022,NY0062900,NY0062900,,N,N,,I,FREDONIA VILLAGE,FREDONIA VILLAGE PD FREDONIA,Fredonia Village,,A,38,New York,NY,NY,2,Middle Atlantic,1,Northeast,Region I,City,9763,23384,NYUCR0001,New York State Division of Criminal Justice Services Office of Justice Research and Performance,N,10,6,"Cities from 2,500 thru 9,999",6,"Cities from 2,500 thru 9,999",N,10,,Y,14,3,17,2,1,3,1.6,2.0,2019-01-01,2020-07-01,2020-07-01,2020-07-01,2020-07-01,2020-07-01,N,CHAUTAUQUA,Not Specified,Y,Y,Y
130122022,13012,2022,NY0063200,NY0063200,,N,N,,I,WESTFIELD VILLAGE,WESTFIELD VILLAGE PD WESTFIELD,Westfield Village,,A,38,New York,NY,NY,2,Middle Atlantic,1,Northeast,Region I,City,2951,23384,NYUCR0001,New York State Division of Criminal Justice Services Office of Justice Research and Performance,N,10,6,"Cities from 2,500 thru 9,999",6,"Cities from 2,500 thru 9,999",N,10,,Y,7,0,7,0,0,0,2.4,2.4,2019-01-01,2020-08-01,2020-08-01,2020-08-01,2020-08-01,2020-08-01,N,CHAUTAUQUA,Not Specified,Y,Y,Y
130162022,13016,2022,NY0065200,NY0065200,,N,N,,I,CARROLL TOWN,CARROLL TOWN PD FREWSBURG,Carroll Town,,A,38,New York,NY,NY,2,Middle Atlantic,1,Northeast,Region I,City,3407,23384,NYUCR0001,New York State Division of Criminal Justice Services Office of Justice Research and Performance,N,10,6,"Cities from 2,500 thru 9,999",6,"Cities from 2,500 thru 9,999",N,10,,N,0,0,0,0,0,0,0.0,0.0,2019-01-01,2020-07-01,2020-07-01,2020-07-01,2020-07-01,2020-07-01,N,CHAUTAUQUA,Not Specified,Y,Y,Y
130172022,13017,2022,NY0065900,NY0065900,,N,N,,I,ELLICOTT TOWN,ELLICOTT TOWN PD FALCONER,Ellicott Town,,A,38,New York,NY,NY,2,Middle Atlantic,1,Northeast,Region I,City,5350,23384,NYUCR0001,New York State Division of Criminal Justice Services Office of Justice Research and Performance,N,10,6,"Cities from 2,500 thru 9,999",6,"Cities from 2,500 thru 9,999",N,10,,Y,13,0,13,0,0,0,2.4,2.4,2019-01-01,2020-07-01,2020-07-01,2020-07-01,2020-07-01,2020-07-01,N,CHAUTAUQUA,Not Specified,Y,Y,Y
130332022,13033,2022,NY0082400,NY0082400,,N,N,,I,NORWICH,NORWICH CITY PD NORWICH,Norwich,,A,38,New York,NY,NY,2,Middle Atlantic,1,Northeast,Region I,City,6716,23384,NYUCR0001,New York State Division of Criminal Justice Services Office of Justice Research and Performance,N,10,6,"Cities from 2,500 thru 9,999",6,"Cities from 2,500 thru 9,999",N,10,,Y,20,0,20,1,0,1,3.1,3.1,2019-01-01,2021-12-01,2021-12-01,2021-12-01,2021-12-01,2021-12-01,N,CHENANGO,Not Specified,Y,Y,Y
130452022,13045,2022,NY0100100,NY0100100,,N,N,,I,HUDSON,HUDSON CITY PD HUDSON,Hudson,,A,38,New York,NY,NY,2,Middle Atlantic,1,Northeast,Region I,City,5907,23384,NYUCR0001,New York State Division of Criminal Justice Services Office of Justice Research and Performance,N,10,6,"Cities from 2,500 thru 9,999",6,"Cities from 2,500 thru 9,999",N,10,,Y,21,0,21,6,0,6,4.6,4.6,2019-01-01,2019-08-01,2019-08-01,2020-01-01,2020-01-01,2020-01-01,N,COLUMBIA,Not Specified,Y,Y,Y
130562022,13056,2022,NY0110000,NY0110000,,N,N,,I,CORTLAND,CORTLAND CO SHERIFF'S DEPARTMENT CORTLAND,Cortland,,A,38,New York,NY,NY,2,Middle Atlantic,1,Northeast,Region I,County,26061,23384,NYUCR0001,New York State Division of Criminal Justice Services Office of Justice Research and Performance,N,14,8B,"Non-MSA counties from 25,000 thru 99,999",8,Non-MSA Counties,N,14,,Y,29,0,29,7,3,10,1.4,1.5,2019-01-01,2021-07-01,2021-07-01,2021-07-01,2021-07-01,2021-07-01,N,CORTLAND,Not Specified,Y,Y,Y
130572022,13057,2022,NY0110100,NY0110100,,N,N,,I,CORTLAND,CORTLAND CITY PD CORTLAND,Cortland,,A,38,New York,NY,NY,2,Middle Atlantic,1,Northeast,Region I,City,17061,23384,NYUCR0001,New York State Division of Criminal Justice Services Office of Justice Research and Performance,N,9,5,"Cities from 10,000 thru 24,999",5,"Cities from 10,000 thru 24,999",N,9,,Y,34,0,34,7,2,9,2.4,2.5,2019-01-01,2021-10-01,2021-10-01,2021-10-01,2021-10-01,2021-10-01,N,CORTLAND,Not Specified,Y,Y,Y
130582022,13058,2022,NY0112000,NY0112000,,N,N,,I,HOMER VILLAGE,HOMER VILLAGE PD HOMER,Homer Village,,A,38,New York,NY,NY,2,Middle Atlantic,1,Northeast,Region I,City,3127,23384,NYUCR0001,New York State Division of Criminal Justice Services Office of Justice Research and Performance,N,10,6,"Cities from 2,500 thru 9,999",6,"Cities from 2,500 thru 9,999",N,10,,Y,4,0,4,1,1,2,1.6,1.9,2019-01-01,2021-05-01,2021-05-01,2021-05-01,2021-05-01,2021-05-01,N,CORTLAND,Not Specified,Y,Y,Y
130672022,13067,2022,NY0130000,NY0130000,,N,N,,I,DUTCHESS,DUTCHESS CO SHERIFF'S DEPARTMENT POUGHKEEPSIE,Dutchess,,A,38,New York,NY,NY,2,Middle Atlantic,1,Northeast,Region I,County,121097,23384,NYUCR0001,New York State Division of Criminal Justice Services Office of Justice Research and Performance,Y,19,9A,"MSA counties 100,000 or over",9,MSA Counties,Y,19,,Y,92,8,100,9,15,24,0.8,1.0,2019-01-01,2021-01-01,2021-01-01,2021-01-01,2021-01-01,2021-01-01,N,DUTCHESS,"Poughkeepsie-Newburgh-Middletown, NY",Y,Y,Y
130682022,13068,2022,NY0130100,NY0130100,,N,N,,I,BEACON,BEACON CITY PD BEACON,Beacon,,A,38,New York,NY,NY,2,Middle Atlantic,1,Northeast,Region I,City,13729,23384,NYUCR0001,New York State Division of Criminal Justice Services Office of Justice Research and Performance,Y,9,5,"Cities from 10,000 thru 24,999",5,"Cities from 10,000 thru 24,999",N,9,,Y,30,1,31,2,3,5,2.3,2.6,2019-01-01,2021-01-01,2021-01-01,2021-01-01,2021-01-01,2021-01-01,N,DUTCHESS,"Poughkeepsie-Newburgh-Middletown, NY",Y,Y,Y
130722022,13072,2022,NY0132000,NY0132000,,N,N,,I,FISHKILL VILLAGE,FISHKILL VILLAGE PD FISHKILL,Fishkill Village,,A,38,New York,NY,NY,2,Middle Atlantic,1,Northeast,Region I,City,2153,23384,NYUCR0001,New York State Division of Criminal Justice Services Office of Justice Research and Performance,Y,11,7,"Cities under 2,500",7,"Cities under 2,500",N,11,,N,0,0,0,0,0,0,0.0,0.0,2019-01-01,2021-10-01,2021-10-01,2021-10-01,2021-10-01,2021-10-01,N,DUTCHESS,"Poughkeepsie-Newburgh-Middletown, NY",Y,Y,Y
130812022,13081,2022,NY0136300,NY0136300,,N,N,,I,POUGHKEEPSIE TOWN,POUGHKEEPSIE TOWN PD POUGHKEEPSIE,Poughkeepsie Town,,A,38,New York,NY,NY,2,Middle Atlantic,1,Northeast,Region I,City,40966,23384,NYUCR0001,New York State Division of Criminal Justice Services Office of Justice Research and Performance,Y,8,4,"Cities from 25,000 thru 49,999",4,"Cities from 25,000 thru 49,999",N,8,,N,,,,,,,,,2019-01-01,2021-01-01,2021-01-01,2021-01-01,2021-01-01,2021-01-01,N,DUTCHESS,"Poughkeepsie-Newburgh-Middletown, NY",Y,Y,Y
130832022,13083,2022,NY0136500,NY0136500,,N,N,,I,HYDE PARK TOWN,HYDE PARK TOWN PD HYDE PARK,Hyde Park Town,,A,38,New York,NY,NY,2,Middle Atlantic,1,Northeast,Region I,City,21071,23384,NYUCR0001,New York State Division of Criminal Justice Services Office of Justice Research and Performance,Y,9,5,"Cities from 10,000 thru 24,999",5,"Cities from 10,000 thru 24,999",N,9,,Y,16,1,17,1,3,4,0.8,1.0,2019-01-01,2020-08-01,2020-09-01,2020-09-01,2020-09-01,2020-09-01,N,DUTCHESS,"Poughkeepsie-Newburgh-Middletown, NY",Y,Y,Y
130842022,13084,2022,NY0136600,NY0136600,,N,N,,I,EAST FISHKILL TOWN,EAST FISHKILL TOWN PD HOPEWELL JUNCTION,East Fishkill Town,,A,38,New York,NY,NY,2,Middle Atlantic,1,Northeast,Region I,City,29769,23384,NYUCR0001,New York State Division of Criminal Justice Services Office of Justice Research and Performance,Y,8,4,"Cities from 25,000 thru 49,999",4,"Cities from 25,000 thru 49,999",N,8,,Y,24,2,26,2,5,7,0.9,1.1,2019-01-01,2021-04-01,2021-04-01,2021-04-01,2021-04-01,2021-04-01,N,DUTCHESS,"Poughkeepsie-Newburgh-Middletown, NY",Y,Y,Y
130882022,13088,2022,NY0140100,NY0140100,,N,N,,I,BUFFALO,BUFFALO CITY PD BUFFALO,Buffalo,,A,38,New York,NY,NY,2,Middle Atlantic,1,Northeast,Region I,City,275710,23384,NYUCR0001,New York State Division of Criminal Justice Services Office of Justice Research and Performance,N,5,1C,"Cities from 250,000 thru 499,999",1,"All cities 250,000 or over",Y,5,,Y,605,44,649,154,118,272,2.8,3.3,2019-01-01,2020-10-01,2020-10-01,2020-10-01,2020-10-01,2020-10-01,N,ERIE,"Buffalo-Cheektowaga, NY",Y,Y,Y
130912022,13091,2022,NY0140400,NY0140400,,N,N,,I,KENMORE VILLAGE,KENMORE VILLAGE PD BUFFALO,Kenmore Village,,A,38,New York,NY,NY,2,Middle Atlantic,1,Northeast,Region I,City,14995,23384,NYUCR0001,New York State Division of Criminal Justice Services Office of Justice Research and Performance,Y,9,5,"Cities from 10,000 thru 24,999",5,"Cities from 10,000 thru 24,999",N,9,,Y,23,1,24,2,3,5,1.7,1.9,2019-01-01,2022-06-01,2022-06-01,2022-06-01,2022-06-01,2022-06-01,N,ERIE,"Buffalo-Cheektowaga, NY",Y,Y,Y
131322022,13132,2022,NY0170100,NY0170100,,N,N,,I,GLOVERSVILLE,GLOVERSVILLE CITY PD GLOVERSVILLE,Gloversville,,A,38,New York,NY,NY,2,Middle Atlantic,1,Northeast,Region I,City,15030,23384,NYUCR0001,New York State Division of Criminal Justice Services Office of Justice Research and Performance,N,9,5,"Cities from 10,000 thru 24,999",5,"Cities from 10,000 thru 24,999",N,9,,Y,31,1,32,0,1,1,2.1,2.2,2019-01-01,2022-02-01,2022-02-01,2022-02-01,2022-02-01,2022-02-01,N,FULTON,Not Specified,Y,Y,Y
131332022,13133,2022,NY0170200,NY0170200,,N,N,,I,JOHNSTOWN,JOHNSTOWN CITY PD JOHNSTOWN,Johnstown,,A,38,New York,NY,NY,2,Middle Atlantic,1,Northeast,Region I,City,8139,23384,NYUCR0001,New York State Division of Criminal Justice Services Office of Justice Research and Performance,N,10,6,"Cities from 2,500 thru 9,999",6,"Cities from 2,500 thru 9,999",N,10,,Y,22,0,22,2,1,3,2.9,3.1,2019-01-01,2022-06-01,2022-06-01,2022-06-01,2022-06-01,2022-06-01,N,FULTON,Not Specified,Y,Y,Y
131362022,13136,2022,NY0180000,NY0180000,,N,N,,I,GENESEE,GENESEE CO SHERIFF'S DEPARTMENT BATAVIA,Genesee,,A,38,New York,NY,NY,2,Middle Atlantic,1,Northeast,Region I,County,38053,23384,NYUCR0001,New York State Division of Criminal Justice Services Office of Justice Research and Performance,N,14,8B,"Non-MSA counties from 25,000 thru 99,999",8,Non-MSA Counties,N,14,,Y,48,12,60,3,17,20,1.3,2.1,2019-01-01,2019-01-01,2021-01-01,2021-01-01,2021-01-01,2021-01-01,N,GENESEE,Not Specified,Y,Y,Y
131372022,13137,2022,NY0180100,NY0180100,,N,N,,I,BATAVIA,BATAVIA CITY PD BATAVIA,Batavia,,A,38,New York,NY,NY,2,Middle Atlantic,1,Northeast,Region I,City,15438,23384,NYUCR0001,New York State Division of Criminal Justice Services Office of Justice Research and Performance,N,9,5,"Cities from 10,000 thru 24,999",5,"Cities from 10,000 thru 24,999",N,9,,Y,29,1,30,3,2,5,2.1,2.3,2019-01-01,2020-06-01,2021-01-01,2021-01-01,2021-01-01,2021-01-01,N,GENESEE,Not Specified,Y,Y,Y
131382022,13138,2022,NY0182300,NY0182300,,N,N,,I,LE ROY VILLAGE,LEROY VILLAGE PD LEROY,Le Roy Village,,A,38,New York,NY,NY,2,Middle Atlantic,1,Northeast,Region I,City,4263,23384,NYUCR0001,New York State Division of Criminal Justice Services Office of Justice Research and Performance,N,10,6,"Cities from 2,500 thru 9,999",6,"Cities from 2,500 thru 9,999",N,10,,Y,8,0,8,1,1,2,2.1,2.3,2019-01-01,2021-05-01,2021-05-01,2021-05-01,2021-05-01,2021-05-01,N,GENESEE,Not Specified,Y,Y,Y
131542022,13154,2022,NY0212200,NY0212200,,N,N,,I,ILION VILLAGE,ILION VILLAGE PD ILION,Ilion Village,,A,38,New York,NY,NY,2,Middle Atlantic,1,Northeast,Region I,City,7629,23384,NYUCR0001,New York State Division of Criminal Justice Services Office of Justice Research and Performance,Y,10,6,"Cities from 2,500 thru 9,999",6,"Cities from 2,500 thru 9,999",N,10,,Y,12,0,12,2,3,5,1.8,2.2,2019-01-01,2020-12-01,2020-12-01,2020-12-01,2020-12-01,2020-12-01,N,HERKIMER,"Utica-Rome, NY",Y,Y,Y
131622022,13162,2022,NY0220000,NY0220000,,N,N,,I,JEFFERSON,JEFFERSON CO SHERIFF'S DEPARTMENT WATERTOWN,Jefferson,,A,38,New York,NY,NY,2,Middle Atlantic,1,Northeast,Region I,County,76681,23384,NYUCR0001,New York State Division of Criminal Justice Services Office of Justice Research and Performance,Y,20,9B,"MSA counties from 25,000 thru 99,999",9,MSA Counties,N,20,,Y,39,2,41,5,13,18,0.6,0.8,2019-01-01,2020-07-01,2020-07-01,2020-08-01,2020-08-01,2020-08-01,N,JEFFERSON,"Watertown-Fort Drum, NY",Y,Y,Y
131632022,13163,2022,NY0220100,NY0220100,,N,N,,I,WATERTOWN,WATERTOWN CITY PD WATERTOWN,Watertown,,A,38,New York,NY,NY,2,Middle Atlantic,1,Northeast,Region I,City,24558,23384,NYUCR0001,New York State Division of Criminal Justice Services Office of Justice Research and Performance,N,9,5,"Cities from 10,000 thru 24,999",5,"Cities from 10,000 thru 24,999",N,9,,Y,53,1,54,8,2,10,2.5,2.6,2019-01-01,2021-01-01,2021-01-01,2021-01-01,2021-01-01,2021-01-01,N,JEFFERSON,"Watertown-Fort Drum, NY",Y,Y,Y
131842022,13184,2022,NY0240000,NY0240000,,N,N,,I,LEWIS,LEWIS CO SHERIFF'S DEPARTMENT LOWVILLE,Lewis,,A,38,New York,NY,NY,2,Middle Atlantic,1,Northeast,Region I,County,23476,23384,NYUCR0001,New York State Division of Criminal Justice Services Office of Justice Research and Performance,N,15,8C,"Non-MSA counties from 10,000 thru 24,999",8,Non-MSA Counties,N,15,,Y,20,0,20,2,0,2,0.9,0.9,2019-01-01,2021-01-01,2021-01-01,2021-01-01,2021-01-01,2021-01-01,N,LEWIS,Not Specified,Y,Y,Y
131902022,13190,2022,NY0250000,NY0250000,,N,N,,I,LIVINGSTON,LIVINGSTON CO SHERIFF'S DEPARTMENT GENESEO,Livingston,,A,38,New York,NY,NY,2,Middle Atlantic,1,Northeast,Region I,County,38597,23384,NYUCR0001,New York State Division of Criminal Justice Services Office of Justice Research and Performance,Y,20,9B,"MSA counties from 25,000 thru 99,999",9,MSA Counties,N,20,,Y,47,0,47,5,5,10,1.3,1.5,2019-01-01,2021-01-01,2021-01-01,2021-01-01,2021-01-01,2021-01-01,N,LIVINGSTON,"Rochester, NY",Y,Y,Y
132052022,13205,2022,NY0270000,NY0270000,,N,N,,I,MONROE,MONROE CO SHERIFF'S DEPARTMENT ROCHESTER,Monroe,,A,38,New York,NY,NY,2,Middle Atlantic,1,Northeast,Region I,County,252369,23384,NYUCR0001,New York State Division of Criminal Justice Services Office of Justice Research and Performance,Y,19,9A,"MSA counties 100,000 or over",9,MSA Counties,Y,19,,Y,256,21,277,51,31,82,1.2,1.4,2019-01-01,2019-01-01,2019-01-01,2020-01-01,2020-01-01,2020-01-01,N,MONROE,"Rochester, NY",Y,Y,Y
132062022,13206,2022,NY0270100,NY0270100,,N,N,,I,ROCHESTER,ROCHESTER CITY PD ROCHESTER,Rochester,,A,38,New York,NY,NY,2,Middle Atlantic,1,Northeast,Region I,City,210270,23384,NYUCR0001,New York State Division of Criminal Justice Services Office of Justice Research and Performance,N,6,2,"Cities from 100,000 thru 249,999",2,"Cities from 100,000 thru 249,999",Y,6,,Y,573,26,599,90,52,142,3.2,3.5,2019-01-01,2021-02-01,2021-02-01,2021-02-01,2021-02-01,2021-02-01,N,MONROE,"Rochester, NY",Y,Y,Y
132072022,13207,2022,NY0270200,NY0270200,,N,N,,I,IRONDEQUOIT TOWN,IRONDEQUOIT TOWN PD ROCHESTER,Irondequoit Town,,A,38,New York,NY,NY,2,Middle Atlantic,1,Northeast,Region I,City,50090,23384,NYUCR0001,New York State Division of Criminal Justice Services Office of Justice Research and Performance,N,7,3,"Cities from 50,000 thru 99,999",3,"Cities from 50,000 thru 99,999",N,7,,Y,48,2,50,7,6,13,1.1,1.3,2019-01-01,2020-06-01,2020-06-01,2020-06-01,2020-06-01,2020-06-01,N,MONROE,"Rochester, NY",Y,Y,Y
132092022,13209,2022,NY0272400,NY0272400,,N,N,,I,EAST ROCHESTER VILLAGE,EAST ROCHESTER VILLAGE PD EAST ROCHESTER,East Rochester Village,,A,38,New York,NY,NY,2,Middle Atlantic,1,Northeast,Region I,City,6212,23384,NYUCR0001,New York State Division of Criminal Justice Services Office of Justice Research and Performance,Y,10,6,"Cities from 2,500 thru 9,999",6,"Cities from 2,500 thru 9,999",N,10,,Y,8,0,8,1,1,2,1.4,1.6,2019-01-01,2020-01-01,2020-01-01,2020-01-01,2020-01-01,2020-01-01,N,MONROE,"Rochester, NY",Y,Y,Y
132102022,13210,2022,NY0272500,NY0272500,,N,N,,I,FAIRPORT VILLAGE,FAIRPORT VILLAGE PD FAIRPORT,Fairport Village,,A,38,New York,NY,NY,2,Middle Atlantic,1,Northeast,Region I,City,5378,23384,NYUCR0001,New York State Division of Criminal Justice Services Office of Justice Research and Performance,Y,10,6,"Cities from 2,500 thru 9,999",6,"Cities from 2,500 thru 9,999",N,10,,Y,10,0,10,0,1,1,1.9,2.0,2019-01-01,2019-11-01,2019-11-01,2020-01-01,2020-01-01,2020-01-01,N,MONROE,"Rochester, NY",Y,Y,Y
132112022,13211,2022,NY0272800,NY0272800,,N,N,,I,BROCKPORT VILLAGE,BROCKPORT VILLAGE PD BROCKPORT,Brockport Village,,A,38,New York,NY,NY,2,Middle Atlantic,1,Northeast,Region I,City,6924,23384,NYUCR0001,New York State Division of Criminal Justice Services Office of Justice Research and Performance,Y,10,6,"Cities from 2,500 thru 9,999",6,"Cities from 2,500 thru 9,999",N,10,,Y,12,0,12,1,1,2,1.9,2.0,2019-01-01,2019-05-01,2019-05-01,2020-01-01,2020-01-01,2020-01-01,N,MONROE,"Rochester, NY",Y,Y,Y
132122022,13212,2022,NY0275000,NY0275000,,N,N,,I,BRIGHTON TOWN,BRIGHTON TOWN PD ROCHESTER,Brighton Town,,A,38,New York,NY,NY,2,Middle Atlantic,1,Northeast,Region I,City,36380,23384,NYUCR0001,New York State Division of Criminal Justice Services Office of Justice Research and Performance,Y,8,4,"Cities from 25,000 thru 49,999",4,"Cities from 25,000 thru 49,999",N,8,,Y,32,1,33,7,5,12,1.1,1.2,2019-01-01,2020-01-01,2020-01-01,2020-01-01,2020-01-01,2020-01-01,N,MONROE,"Rochester, NY",Y,Y,Y
132132022,13213,2022,NY0275300,NY0275300,,N,N,,I,GATES TOWN,GATES TOWN PD ROCHESTER,Gates Town,,A,38,New York,NY,NY,2,Middle Atlantic,1,Northeast,Region I,City,28772,23384,NYUCR0001,New York State Division of Criminal Justice Services Office of Justice Research and Performance,Y,8,4,"Cities from 25,000 thru 49,999",4,"Cities from 25,000 thru 49,999",N,8,,Y,28,0,28,4,2,6,1.1,1.2,2019-01-01,2021-11-01,2021-11-01,2021-11-01,2021-11-01,2021-11-01,N,MONROE,"Rochester, NY",Y,Y,Y
132142022,13214,2022,NY0275400,NY0275400,,N,N,,I,GREECE TOWN,GREECE TOWN PD ROCHESTER,Greece Town,,A,38,New York,NY,NY,2,Middle Atlantic,1,Northeast,Region I,City,95525,23384,NYUCR0001,New York State Division of Criminal Justice Services Office of Justice Research and Performance,N,7,3,"Cities from 50,000 thru 99,999",3,"Cities from 50,000 thru 99,999",N,7,,Y,80,3,83,16,9,25,1.0,1.1,2019-01-01,2019-01-01,2019-01-01,2020-01-01,2020-01-01,2020-01-01,N,MONROE,"Rochester, NY",Y,Y,Y
132152022,13215,2022,NY0275900,NY0275900,,N,N,,I,OGDEN TOWN,OGDEN TOWN PD SPENCERPORT,Ogden Town,,A,38,New York,NY,NY,2,Middle Atlantic,1,Northeast,Region I,City,20293,23384,NYUCR0001,New York State Division of Criminal Justice Services Office of Justice Research and Performance,Y,9,5,"Cities from 10,000 thru 24,999",5,"Cities from 10,000 thru 24,999",N,9,,Y,10,1,11,1,2,3,0.5,0.7,2019-01-01,2020-01-01,2020-01-01,2020-01-01,2020-01-01,2020-01-01,N,MONROE,"Rochester, NY",Y,Y,Y
132162022,13216,2022,NY0276700,NY0276700,,N,N,,I,WEBSTER TOWN & VILLAGE,WEBSTER TOWN PD WEBSTER,Webster Town and Village,,A,38,New York,NY,NY,2,Middle Atlantic,1,Northeast,Region I,City,45230,23384,NYUCR0001,New York State Division of Criminal Justice Services Office of Justice Research and Performance,Y,8,4,"Cities from 25,000 thru 49,999",4,"Cities from 25,000 thru 49,999",N,8,,Y,28,1,29,3,6,9,0.7,0.8,2019-01-01,2020-01-01,2020-01-01,2020-01-01,2020-01-01,2020-01-01,N,MONROE,"Rochester, NY",Y,Y,Y
132182022,13218,2022,NY0280000,NY0280000,,N,N,,I,MONTGOMERY,MONTGOMERY CO SHERIFF'S DEPARTMENT FONDA,Montgomery,,A,38,New York,NY,NY,2,Middle Atlantic,1,Northeast,Region I,County,26044,23384,NYUCR0001,New York State Division of Criminal Justice Services Office of Justice Research and Performance,N,14,8B,"Non-MSA counties from 25,000 thru 99,999",8,Non-MSA Counties,N,14,,Y,31,2,33,5,18,23,1.4,2.2,2019-01-01,2021-01-01,2021-01-01,2021-01-01,2021-01-01,2021-01-01,N,MONTGOMERY,Not Specified,Y,Y,Y
132272022,13227,2022,NY0290400,NY0290400,,N,N,,I,FREEPORT VILLAGE,FREEPORT VILLAGE PD FREEPORT,Freeport Village,,A,38,New York,NY,NY,2,Middle Atlantic,1,Northeast,Region I,City,44003,23384,NYUCR0001,New York State Division of Criminal Justice Services Office of Justice Research and Performance,Y,8,4,"Cities from 25,000 thru 49,999",4,"Cities from 25,000 thru 49,999",N,8,,Y,93,3,96,10,10,20,2.3,2.6,2019-01-01,2022-01-01,2022-01-01,2022-01-01,2022-01-01,2022-01-01,N,NASSAU,"New York-Newark-Jersey City, NY-NJ-PA",Y,Y,Y
132292022,13229,2022,NY0290600,NY0290600,,N,N,,I,HEMPSTEAD VILLAGE,HEMPSTEAD VILLAGE PD HEMPSTEAD,Hempstead Village,,A,38,New York,NY,NY,2,Middle Atlantic,1,Northeast,Region I,City,58469,23384,NYUCR0001,New York State Division of Criminal Justice Services Office of Justice Research and Performance,N,7,3,"Cities from 50,000 thru 99,999",3,"Cities from 50,000 thru 99,999",N,7,,Y,99,5,104,23,24,47,2.1,2.6,2019-01-01,2021-01-01,2021-01-01,2021-01-01,2021-01-01,2021-01-01,N,NASSAU,"New York-Newark-Jersey City, NY-NJ-PA",Y,Y,Y
132612022,13261,2022,NY0294300,NY0294300,,N,N,,I,OLD WESTBURY VILLAGE,OLD WESTBURY VILLAGE PD OLD WESTBURY,Old Westbury Village,,A,38,New York,NY,NY,2,Middle Atlantic,1,Northeast,Region I,City,4229,23384,NYUCR0001,New York State Division of Criminal Justice Services Office of Justice Research and Performance,Y,10,6,"Cities from 2,500 thru 9,999",6,"Cities from 2,500 thru 9,999",N,10,,Y,24,2,26,2,3,5,6.1,7.3,2019-01-01,2020-12-01,2020-12-01,2020-12-01,2020-12-01,2020-12-01,N,NASSAU,"New York-Newark-Jersey City, NY-NJ-PA",Y,Y,Y
132792022,13279,2022,NY0310000,NY0310000,,N,N,,I,NIAGARA,NIAGARA CO SHERIFF'S DEPARTMENT LOCKPORT,Niagara,,A,38,New York,NY,NY,2,Middle Atlantic,1,Northeast,Region I,County,84375,23384,NYUCR0001,New York State Division of Criminal Justice Services Office of Justice Research and Performance,Y,20,9B,"MSA counties from 25,000 thru 99,999",9,MSA Counties,N,20,,Y,97,25,122,13,38,51,1.3,2.1,2019-01-01,2019-05-01,2019-05-01,2020-01-01,2020-01-01,2020-01-01,N,NIAGARA,"Buffalo-Cheektowaga, NY",Y,Y,Y
132812022,13281,2022,NY0310200,NY0310200,,N,N,,I,NIAGARA FALLS,NIAGARA FALLS CITY PD NIAGARA FALLS,Niagara Falls,,A,38,New York,NY,NY,2,Middle Atlantic,1,Northeast,Region I,City,48129,23384,NYUCR0001,New York State Division of Criminal Justice Services Office of Justice Research and Performance,Y,8,4,"Cities from 25,000 thru 49,999",4,"Cities from 25,000 thru 49,999",N,8,,Y,123,2,125,23,12,35,3.0,3.3,2019-01-01,2021-01-01,2021-01-01,2021-01-01,2021-01-01,2021-01-01,N,NIAGARA,"Buffalo-Cheektowaga, NY",Y,Y,Y
132822022,13282,2022,NY0310300,NY0310300,,N,N,,I,NORTH TONAWANDA,NORTH TONAWANDA CITY PD NORTH TONAWANDA,North Tonawanda,,A,38,New York,NY,NY,2,Middle Atlantic,1,Northeast,Region I,City,30358,23384,NYUCR0001,New York State Division of Criminal Justice Services Office of Justice Research and Performance,Y,8,4,"Cities from 25,000 thru 49,999",4,"Cities from 25,000 thru 49,999",N,8,,Y,48,0,48,3,3,6,1.7,1.8,2019-01-01,2020-01-01,2020-01-01,2020-01-01,2020-01-01,2020-01-01,N,NIAGARA,"Buffalo-Cheektowaga, NY",Y,Y,Y
132852022,13285,2022,NY0312300,NY0312300,,N,N,,I,YOUNGSTOWN VILLAGE,YOUNGSTOWN VILLAGE PD YOUNGSTOWN,Youngstown Village,,A,38,New York,NY,NY,2,Middle Atlantic,1,Northeast,Region I,City,1851,23384,NYUCR0001,New York State Division of Criminal Justice Services Office of Justice Research and Performance,Y,11,7,"Cities under 2,500",7,"Cities under 2,500",N,11,,N,,,,,,,,,2019-01-01,2020-01-01,2020-01-01,2020-01-01,2020-01-01,2020-01-01,N,NIAGARA,"Buffalo-Cheektowaga, NY",Y,Y,Y
132862022,13286,2022,NY0315400,NY0315400,,N,N,,I,LEWISTON TOWN & VILLAGE,LEWISTON POLICE DEPARTMENT,Lewiston Town and Village,,A,38,New York,NY,NY,2,Middle Atlantic,1,Northeast,Region I,City,15781,23384,NYUCR0001,New York State Division of Criminal Justice Services Office of Justice Research and Performance,Y,9,5,"Cities from 10,000 thru 24,999",5,"Cities from 10,000 thru 24,999",N,9,,Y,12,0,12,2,1,3,0.9,1.0,2019-01-01,2020-01-01,2020-01-01,2020-01-01,2020-01-01,2020-01-01,N,NIAGARA,"Buffalo-Cheektowaga, NY",Y,Y,Y
132872022,13287,2022,NY0315500,NY0315500,,N,N,,I,NIAGARA TOWN,NIAGARA TOWN PD NIAGARA FALLS,Niagara Town,,A,38,New York,NY,NY,2,Middle Atlantic,1,Northeast,Region I,City,7808,23384,NYUCR0001,New York State Division of Criminal Justice Services Office of Justice Research and Performance,Y,10,6,"Cities from 2,500 thru 9,999",6,"Cities from 2,500 thru 9,999",N,10,,Y,6,0,6,1,1,2,0.9,1.0,2019-01-01,2020-01-01,2020-01-01,2020-01-01,2020-01-01,2020-01-01,N,NIAGARA,"Buffalo-Cheektowaga, NY",Y,Y,Y
132892022,13289,2022,NY0320000,NY0320000,,N,N,,I,ONEIDA,ONEIDA CO SHERIFF'S DEPARTMENT ORISKANY,Oneida,,A,38,New York,NY,NY,2,Middle Atlantic,1,Northeast,Region I,County,78411,23384,NYUCR0001,New York State Division of Criminal Justice Services Office of Justice Research and Performance,Y,20,9B,"MSA counties from 25,000 thru 99,999",9,MSA Counties,N,20,,Y,77,18,95,9,13,22,1.1,1.5,2019-01-01,2021-01-01,2021-01-01,2021-01-01,2021-01-01,2021-01-01,N,ONEIDA,"Utica-Rome, NY",Y,Y,Y
132902022,13290,2022,NY0320100,NY0320100,,N,N,,I,ROME,ROME CITY PD ROME,Rome,,A,38,New York,NY,NY,2,Middle Atlantic,1,Northeast,Region I,City,31834,23384,NYUCR0001,New York State Division of Criminal Justice Services Office of Justice Research and Performance,N,8,4,"Cities from 25,000 thru 49,999",4,"Cities from 25,000 thru 49,999",N,8,,Y,62,0,62,11,2,13,2.3,2.4,2019-01-01,2020-02-01,2020-02-01,2020-07-01,2020-07-01,2020-07-01,N,ONEIDA,"Utica-Rome, NY",Y,Y,Y
132912022,13291,2022,NY0320200,NY0320200,,N,N,,I,UTICA,UTICA CITY PD UTICA,Utica,,A,38,New York,NY,NY,2,Middle Atlantic,1,Northeast,Region I,City,63906,23384,NYUCR0001,New York State Division of Criminal Justice Services Office of Justice Research and Performance,N,7,3,"Cities from 50,000 thru 99,999",3,"Cities from 50,000 thru 99,999",N,7,,Y,153,8,161,12,8,20,2.6,2.8,2019-01-01,2019-01-01,2019-01-01,2020-01-01,2020-01-01,2020-01-01,N,ONEIDA,"Utica-Rome, NY",Y,Y,Y
132942022,13294,2022,NY0322400,NY0322400,,N,N,,I,SHERRILL,SHERRILL CITY PD SHERRILL,Sherrill,,A,38,New York,NY,NY,2,Middle Atlantic,1,Northeast,Region I,City,3001,23384,NYUCR0001,New York State Division of Criminal Justice Services Office of Justice Research and Performance,Y,10,6,"Cities from 2,500 thru 9,999",6,"Cities from 2,500 thru 9,999",N,10,,Y,3,0,3,0,0,0,1.0,1.0,2019-01-01,2021-09-01,2021-09-01,2021-09-01,2021-09-01,2021-09-01,N,ONEIDA,"Utica-Rome, NY",Y,Y,Y
133032022,13303,2022,NY0324100,NY0324100,,N,N,,I,NEW HARTFORD TOWN & VILL,NEW HARTFORD TOWN PD NEW HARTFORD,New Hartford Town and Village,,A,38,New York,NY,NY,2,Middle Atlantic,1,Northeast,Region I,City,20415,23384,NYUCR0001,New York State Division of Criminal Justice Services Office of Justice Research and Performance,Y,9,5,"Cities from 10,000 thru 24,999",5,"Cities from 10,000 thru 24,999",N,9,,Y,20,1,21,2,1,3,1.1,1.2,2019-01-01,2019-01-01,2019-01-01,2020-01-01,2020-01-01,2020-01-01,N,ONEIDA,"Utica-Rome, NY",Y,Y,Y
133352022,13335,2022,NY0350100,NY0350100,,N,N,,I,MIDDLETOWN,MIDDLETOWN CITY PD MIDDLETOWN,Middletown,,A,38,New York,NY,NY,2,Middle Atlantic,1,Northeast,Region I,City,30538,23384,NYUCR0001,New York State Division of Criminal Justice Services Office of Justice Research and Performance,N,8,4,"Cities from 25,000 thru 49,999",4,"Cities from 25,000 thru 49,999",N,8,,Y,61,1,62,10,8,18,2.3,2.6,2019-01-01,2021-01-01,2021-01-01,2021-01-01,2021-01-01,2021-01-01,N,ORANGE,"Poughkeepsie-Newburgh-Middletown, NY",Y,Y,Y
133382022,13338,2022,NY0352100,NY0352100,,N,N,,I,CHESTER VILLAGE,CHESTER VILLAGE PD CHESTER,Chester Village,,A,38,New York,NY,NY,2,Middle Atlantic,1,Northeast,Region I,City,4079,23384,NYUCR0001,New York State Division of Criminal Justice Services Office of Justice Research and Performance,Y,10,6,"Cities from 2,500 thru 9,999",6,"Cities from 2,500 thru 9,999",N,10,,Y,10,0,10,4,1,5,3.4,3.7,2019-01-01,2021-09-01,2021-09-01,2021-09-01,2021-09-01,2021-09-01,N,ORANGE,"Poughkeepsie-Newburgh-Middletown, NY",Y,Y,Y
133442022,13344,2022,NY0352800,NY0352800,,N,N,,I,WALDEN VILLAGE,WALDEN VILLAGE PD WALDEN,Walden Village,,A,38,New York,NY,NY,2,Middle Atlantic,1,Northeast,Region I,City,6819,23384,NYUCR0001,New York State Division of Criminal Justice Services Office of Justice Research and Performance,Y,10,6,"Cities from 2,500 thru 9,999",6,"Cities from 2,500 thru 9,999",N,10,,Y,11,1,12,1,2,3,1.8,2.2,2019-01-01,2021-01-01,2021-01-01,2021-01-01,2021-01-01,2021-01-01,N,ORANGE,"Poughkeepsie-Newburgh-Middletown, NY",Y,Y,Y
133462022,13346,2022,NY0353200,NY0353200,,N,N,,I,MAYBROOK VILLAGE,MAYBROOK VILLAGE PD MAYBROOK,Maybrook Village,,A,38,New York,NY,NY,2,Middle Atlantic,1,Northeast,Region I,City,3184,23384,NYUCR0001,New York State Division of Criminal Justice Services Office of Justice Research and Performance,Y,10,6,"Cities from 2,500 thru 9,999",6,"Cities from 2,500 thru 9,999",N,10,,Y,4,0,4,0,0,0,1.3,1.3,2019-01-01,2021-01-01,2021-01-01,2021-01-01,2021-01-01,2021-01-01,N,ORANGE,"Poughkeepsie-Newburgh-Middletown, NY",Y,Y,Y
133472022,13347,2022,NY0353300,NY0353300,,N,N,,I,GREENWOOD LAKE VILLAGE,GREENWOOD LAKE VILLAGE PD GREENWOOD LAKE,Greenwood Lake Village,,A,38,New York,NY,NY,2,Middle Atlantic,1,Northeast,Region I,City,3042,23384,NYUCR0001,New York State Division of Criminal Justice Services Office of Justice Research and Performance,Y,10,6,"Cities from 2,500 thru 9,999",6,"Cities from 2,500 thru 9,999",N,10,,Y,4,0,4,1,2,3,1.6,2.3,2019-01-01,2021-09-01,2021-09-01,2021-09-01,2021-09-01,2021-09-01,N,ORANGE,"Poughkeepsie-Newburgh-Middletown, NY",Y,Y,Y
133492022,13349,2022,NY0353500,NY0353500,,N,N,,I,PORT JERVIS,PORT JERVIS CITY PD PORT JERVIS,Port Jervis,,A,38,New York,NY,NY,2,Middle Atlantic,1,Northeast,Region I,City,8738,23384,NYUCR0001,New York State Division of Criminal Justice Services Office of Justice Research and Performance,Y,10,6,"Cities from 2,500 thru 9,999",6,"Cities from 2,500 thru 9,999",N,10,,Y,29,0,29,3,1,4,3.7,3.8,2019-01-01,2021-01-01,2021-01-01,2021-01-01,2021-01-01,2021-01-01,N,ORANGE,"Poughkeepsie-Newburgh-Middletown, NY",Y,Y,Y
133602022,13360,2022,NY0357100,NY0357100,,N,N,,I,DEERPARK TOWN,DEERPARK TOWN PD HUGUENOT,Deerpark Town,,A,38,New York,NY,NY,2,Middle Atlantic,1,Northeast,Region I,City,7531,23384,NYUCR0001,New York State Division of Criminal Justice Services Office of Justice Research and Performance,Y,10,6,"Cities from 2,500 thru 9,999",6,"Cities from 2,500 thru 9,999",N,10,,Y,4,0,4,2,0,2,0.8,0.8,2019-01-01,2021-01-01,2021-01-01,2021-01-01,2021-01-01,2021-01-01,N,ORANGE,"Poughkeepsie-Newburgh-Middletown, NY",Y,Y,Y
133672022,13367,2022,NY0358100,NY0358100,,N,N,,I,GOSHEN TOWN,TOWN OF GOSHEN POLICE DEPARTMENT GOSHEN,Goshen Town,,A,38,New York,NY,NY,2,Middle Atlantic,1,Northeast,Region I,City,8679,23384,NYUCR0001,New York State Division of Criminal Justice Services Office of Justice Research and Performance,Y,10,6,"Cities from 2,500 thru 9,999",6,"Cities from 2,500 thru 9,999",N,10,,Y,6,0,6,0,0,0,0.7,0.7,2019-01-01,2020-11-01,2020-12-01,2020-12-01,2020-12-01,2020-12-01,N,ORANGE,"Poughkeepsie-Newburgh-Middletown, NY",Y,Y,Y
133742022,13374,2022,NY0370000,NY0370000,,N,N,,I,OSWEGO,OSWEGO CO SHERIFF'S DEPARTMENT OSWEGO,Oswego,,A,38,New York,NY,NY,2,Middle Atlantic,1,Northeast,Region I,County,83254,23384,NYUCR0001,New York State Division of Criminal Justice Services Office of Justice Research and Performance,Y,20,9B,"MSA counties from 25,000 thru 99,999",9,MSA Counties,N,20,,Y,61,2,63,8,8,16,0.8,0.9,2019-01-01,2021-01-01,2021-01-01,2021-01-01,2021-01-01,2021-01-01,N,OSWEGO,"Syracuse, NY",Y,Y,Y
133762022,13376,2022,NY0370200,NY0370200,,N,N,,I,OSWEGO CITY,OSWEGO CITY PD OSWEGO,Oswego City,,A,38,New York,NY,NY,2,Middle Atlantic,1,Northeast,Region I,City,17299,23384,NYUCR0001,New York State Division of Criminal Justice Services Office of Justice Research and Performance,Y,9,5,"Cities from 10,000 thru 24,999",5,"Cities from 10,000 thru 24,999",N,9,,N,,,,,,,,,2019-01-01,2021-01-01,2021-01-01,2021-01-01,2021-01-01,2021-01-01,N,OSWEGO,"Syracuse, NY",Y,Y,Y
133842022,13384,2022,NY0380000,NY0380000,,N,N,,I,OTSEGO,OTSEGO CO SHERIFF'S DEPARTMENT COOPERSTOWN,Otsego,,A,38,New York,NY,NY,2,Middle Atlantic,1,Northeast,Region I,County,44022,23384,NYUCR0001,New York State Division of Criminal Justice Services Office of Justice Research and Performance,N,14,8B,"Non-MSA counties from 25,000 thru 99,999",8,Non-MSA Counties,N,14,,Y,16,0,16,4,0,4,0.5,0.5,2019-01-01,2022-01-01,2022-01-01,2022-01-01,2022-01-01,2022-01-01,N,OTSEGO,Not Specified,Y,Y,Y
133852022,13385,2022,NY0380100,NY0380100,,N,N,,I,ONEONTA CITY,ONEONTA CITY PD ONEONTA,Oneonta City,,A,38,New York,NY,NY,2,Middle Atlantic,1,Northeast,Region I,City,12447,23384,NYUCR0001,New York State Division of Criminal Justice Services Office of Justice Research and Performance,N,9,5,"Cities from 10,000 thru 24,999",5,"Cities from 10,000 thru 24,999",N,9,,Y,18,2,20,4,4,8,1.8,2.2,2019-01-01,2020-09-01,2020-09-01,2020-09-01,2020-09-01,2020-09-01,N,OTSEGO,Not Specified,Y,Y,Y
133962022,13396,2022,NY0395000,NY0395000,,N,N,,I,CARMEL TOWN,CARMEL TOWN PD CARMEL,Carmel Town,,A,38,New York,NY,NY,2,Middle Atlantic,1,Northeast,Region I,City,33868,23384,NYUCR0001,New York State Division of Criminal Justice Services Office of Justice Research and Performance,Y,8,4,"Cities from 25,000 thru 49,999",4,"Cities from 25,000 thru 49,999",N,8,,Y,29,2,31,3,5,8,0.9,1.2,2019-01-01,2020-01-01,2021-02-01,2021-02-01,2021-02-01,2021-02-01,N,PUTNAM,"New York-Newark-Jersey City, NY-NJ-PA",Y,Y,Y
134192022,13419,2022,NY0430000,NY0430000,,N,N,,I,ROCKLAND,ROCKLAND CO SHERIFF'S DEPT,Rockland,,A,38,New York,NY,NY,2,Middle Atlantic,1,Northeast,Region I,County,14813,23384,NYUCR0001,New York State Division of Criminal Justice Services Office of Justice Research and Performance,Y,21,9C,"MSA counties from 10,000 thru 24,999",9,MSA Counties,N,21,,Y,76,46,122,4,40,44,5.4,11.2,2019-01-01,2021-01-01,2021-01-01,2021-01-01,2021-01-01,2021-01-01,N,ROCKLAND,"New York-Newark-Jersey City, NY-NJ-PA",Y,Y,Y
134252022,13425,2022,NY0432500,NY0432500,,N,N,,I,PIERMONT VILLAGE,PIERMONT VILLAGE PD PIERMONT,Piermont Village,,A,38,New York,NY,NY,2,Middle Atlantic,1,Northeast,Region I,City,2776,23384,NYUCR0001,New York State Division of Criminal Justice Services Office of Justice Research and Performance,Y,10,6,"Cities from 2,500 thru 9,999",6,"Cities from 2,500 thru 9,999",N,10,,Y,7,0,7,1,0,1,2.9,2.9,2019-01-01,2020-01-01,2020-01-01,2020-01-01,2020-01-01,2020-01-01,N,ROCKLAND,"New York-Newark-Jersey City, NY-NJ-PA",Y,Y,Y
134272022,13427,2022,NY0432800,NY0432800,,N,N,,I,SPRING VALLEY VILLAGE,SPRING VALLEY VILLAGE PD SPRING VALLEY,Spring Valley Village,,A,38,New York,NY,NY,2,Middle Atlantic,1,Northeast,Region I,City,33044,23384,NYUCR0001,New York State Division of Criminal Justice Services Office of Justice Research and Performance,Y,8,4,"Cities from 25,000 thru 49,999",4,"Cities from 25,000 thru 49,999",N,8,,Y,52,2,54,5,3,8,1.7,1.9,2019-01-01,2019-05-01,2019-05-01,2020-01-01,2020-01-01,2020-01-01,N,ROCKLAND,"New York-Newark-Jersey City, NY-NJ-PA",Y,Y,Y
134282022,13428,2022,NY0432900,NY0432900,,N,N,,I,SUFFERN VILLAGE,SUFFERN VILLAGE PD SUFFERN,Suffern Village,,A,38,New York,NY,NY,2,Middle Atlantic,1,Northeast,Region I,City,11383,23384,NYUCR0001,New York State Division of Criminal Justice Services Office of Justice Research and Performance,Y,9,5,"Cities from 10,000 thru 24,999",5,"Cities from 10,000 thru 24,999",N,9,,Y,20,0,20,1,0,1,1.8,1.8,2019-01-01,2022-05-01,2022-05-01,2022-05-01,2022-05-01,2022-05-01,N,ROCKLAND,"New York-Newark-Jersey City, NY-NJ-PA",Y,Y,Y
134302022,13430,2022,NY0435000,NY0435000,,N,N,,I,CLARKSTOWN TOWN,CLARKSTOWN TOWN PD NEW CITY,Clarkstown Town,,A,38,New York,NY,NY,2,Middle Atlantic,1,Northeast,Region I,City,80487,23384,NYUCR0001,New York State Division of Criminal Justice Services Office of Justice Research and Performance,N,7,3,"Cities from 50,000 thru 99,999",3,"Cities from 50,000 thru 99,999",N,7,,Y,150,12,162,14,12,26,2.0,2.3,2019-01-01,2019-11-01,2019-11-01,2020-01-01,2020-01-01,2020-01-01,N,ROCKLAND,"New York-Newark-Jersey City, NY-NJ-PA",Y,Y,Y
134312022,13431,2022,NY0435100,NY0435100,,N,N,,I,HAVERSTRAW TOWN,HAVERSTRAW TOWN PD MOUNT IVY,Haverstraw Town,,A,38,New York,NY,NY,2,Middle Atlantic,1,Northeast,Region I,City,38927,23384,NYUCR0001,New York State Division of Criminal Justice Services Office of Justice Research and Performance,Y,8,4,"Cities from 25,000 thru 49,999",4,"Cities from 25,000 thru 49,999",N,8,,Y,65,2,67,2,4,6,1.7,1.9,2019-01-01,2022-07-01,2022-07-01,2022-07-01,2022-07-01,2022-07-01,N,ROCKLAND,"New York-Newark-Jersey City, NY-NJ-PA",Y,Y,Y
134322022,13432,2022,NY0435200,NY0435200,,N,N,,I,ORANGETOWN TOWN,ORANGETOWN TOWN PD ORANGEBURG,Orangetown Town,,A,38,New York,NY,NY,2,Middle Atlantic,1,Northeast,Region I,City,39317,23384,NYUCR0001,New York State Division of Criminal Justice Services Office of Justice Research and Performance,Y,8,4,"Cities from 25,000 thru 49,999",4,"Cities from 25,000 thru 49,999",N,8,,Y,82,1,83,6,7,13,2.2,2.4,2019-01-01,2019-01-01,2019-01-01,2020-01-01,2020-01-01,2020-01-01,N,ROCKLAND,"New York-Newark-Jersey City, NY-NJ-PA",Y,Y,Y
134342022,13434,2022,NY0435400,NY0435400,,N,N,,I,STONY POINT TOWN,STONY POINT TOWN PD STONY POINT,Stony Point Town,,A,38,New York,NY,NY,2,Middle Atlantic,1,Northeast,Region I,City,14749,23384,NYUCR0001,New York State Division of Criminal Justice Services Office of Justice Research and Performance,Y,9,5,"Cities from 10,000 thru 24,999",5,"Cities from 10,000 thru 24,999",N,9,,Y,25,0,25,1,1,2,1.8,1.8,2019-01-01,2020-01-01,2020-01-01,2020-01-01,2020-01-01,2020-01-01,N,ROCKLAND,"New York-Newark-Jersey City, NY-NJ-PA",Y,Y,Y
134372022,13437,2022,NY0440000,NY0440000,,N,N,,I,ST. LAWRENCE,ST LAWRENCE CO SHERIFF'S DEPARTMENT CANTON,St. Lawrence,,A,38,New York,NY,NY,2,Middle Atlantic,1,Northeast,Region I,County,63694,23384,NYUCR0001,New York State Division of Criminal Justice Services Office of Justice Research and Performance,N,14,8B,"Non-MSA counties from 25,000 thru 99,999",8,Non-MSA Counties,N,14,,Y,35,1,36,2,4,6,0.6,0.7,2019-01-01,2020-01-01,2020-01-01,2020-01-01,2020-01-01,2020-01-01,N,ST LAWRENCE,Not Specified,Y,Y,Y
134382022,13438,2022,NY0440100,NY0440100,,N,N,,I,OGDENSBURG,OGDENSBURG CITY PD OGDENSBURG,Ogdensburg,,A,38,New York,NY,NY,2,Middle Atlantic,1,Northeast,Region I,City,9933,23384,NYUCR0001,New York State Division of Criminal Justice Services Office of Justice Research and Performance,N,10,6,"Cities from 2,500 thru 9,999",6,"Cities from 2,500 thru 9,999",N,10,,Y,16,2,18,4,1,5,2.0,2.3,2019-01-01,2020-07-01,2020-07-01,2020-07-01,2020-07-01,2020-07-01,N,ST LAWRENCE,Not Specified,Y,Y,Y
134392022,13439,2022,NY0440200,NY0440200,,N,N,,I,MASSENA VILLAGE,MASSENA VILLAGE PD MASSENA,Massena Village,,A,38,New York,NY,NY,2,Middle Atlantic,1,Northeast,Region I,City,10165,23384,NYUCR0001,New York State Division of Criminal Justice Services Office of Justice Research and Performance,N,9,5,"Cities from 10,000 thru 24,999",5,"Cities from 10,000 thru 24,999",N,9,,Y,21,1,22,1,4,5,2.2,2.7,2019-01-01,2020-12-01,2020-12-01,2020-12-01,2020-12-01,2020-12-01,N,ST LAWRENCE,Not Specified,Y,Y,Y
134402022,13440,2022,NY0442000,NY0442000,,N,N,,I,CANTON VILLAGE,CANTON VILLAGE PD CANTON,Canton Village,,A,38,New York,NY,NY,2,Middle Atlantic,1,Northeast,Region I,City,7046,23384,NYUCR0001,New York State Division of Criminal Justice Services Office of Justice Research and Performance,N,10,6,"Cities from 2,500 thru 9,999",6,"Cities from 2,500 thru 9,999",N,10,,Y,8,0,8,1,1,2,1.3,1.4,2019-01-01,2020-07-01,2020-07-01,2020-07-01,2020-07-01,2020-07-01,N,ST LAWRENCE,Not Specified,Y,Y,Y
134412022,13441,2022,NY0442300,NY0442300,,N,N,,I,GOUVERNEUR VILLAGE,GOUVERNEUR VILLAGE PD GOUVERNEUR,Gouverneur Village,,A,38,New York,NY,NY,2,Middle Atlantic,1,Northeast,Region I,City,3587,23384,NYUCR0001,New York State Division of Criminal Justice Services Office of Justice Research and Performance,N,10,6,"Cities from 2,500 thru 9,999",6,"Cities from 2,500 thru 9,999",N,10,,Y,5,1,6,1,2,3,1.7,2.5,2019-01-01,2020-10-01,2020-10-01,2020-10-01,2020-10-01,2020-10-01,N,ST LAWRENCE,Not Specified,Y,Y,Y
134432022,13443,2022,NY0442900,NY0442900,,N,N,,I,POTSDAM VILLAGE,POTSDAM VILLAGE PD POTSDAM,Potsdam Village,,A,38,New York,NY,NY,2,Middle Atlantic,1,Northeast,Region I,City,8279,23384,NYUCR0001,New York State Division of Criminal Justice Services Office of Justice Research and Performance,N,10,6,"Cities from 2,500 thru 9,999",6,"Cities from 2,500 thru 9,999",N,10,,N,,,,,,,,,2019-01-01,2019-11-01,2019-11-01,2020-01-01,2020-01-01,2020-01-01,N,ST LAWRENCE,Not Specified,Y,Y,Y
134462022,13446,2022,NY0450000,NY0450000,,N,N,,I,SARATOGA,SARATOGA CO SHERIFF'S DEPARTMENT BALLSTON SPA,Saratoga,,A,38,New York,NY,NY,2,Middle Atlantic,1,Northeast,Region I,County,182745,23384,NYUCR0001,New York State Division of Criminal Justice Services Office of Justice Research and Performance,Y,19,9A,"MSA counties 100,000 or over",9,MSA Counties,Y,19,,Y,143,28,171,13,25,38,0.9,1.1,2019-01-01,2019-05-01,2019-05-01,2019-05-01,2019-05-01,2019-05-01,N,SARATOGA,"Albany-Schenectady-Troy, NY",Y,Y,Y
134602022,13460,2022,NY0460100,NY0460100,,N,N,,I,SCHENECTADY,SCHENECTADY CITY PD SCHENECTADY,Schenectady,,A,38,New York,NY,NY,2,Middle Atlantic,1,Northeast,Region I,City,67101,23384,NYUCR0001,New York State Division of Criminal Justice Services Office of Justice Research and Performance,N,7,3,"Cities from 50,000 thru 99,999",3,"Cities from 50,000 thru 99,999",N,7,,Y,145,7,152,9,18,27,2.3,2.7,2019-01-01,2021-01-01,2021-01-01,2021-01-01,2021-01-01,2021-01-01,N,SCHENECTADY,"Albany-Schenectady-Troy, NY",Y,Y,Y
134642022,13464,2022,NY0465400,NY0465400,,N,N,,I,ROTTERDAM TOWN,ROTTERDAM TOWN PD SCHENECTADY,Rotterdam Town,,A,38,New York,NY,NY,2,Middle Atlantic,1,Northeast,Region I,City,30569,23384,NYUCR0001,New York State Division of Criminal Justice Services Office of Justice Research and Performance,Y,8,4,"Cities from 25,000 thru 49,999",4,"Cities from 25,000 thru 49,999",N,8,,Y,36,0,36,3,2,5,1.3,1.3,2019-01-01,2022-01-01,2022-01-01,2022-01-01,2022-01-01,2022-01-01,N,SCHENECTADY,"Albany-Schenectady-Troy, NY",Y,Y,Y
134652022,13465,2022,NY0470000,NY0470000,,N,N,,I,SCHOHARIE,SCHOHARIE CO SHERIFF'S DEPARTMENT SCHOHARIE,Schoharie,,A,38,New York,NY,NY,2,Middle Atlantic,1,Northeast,Region I,County,25073,23384,NYUCR0001,New York State Division of Criminal Justice Services Office of Justice Research and Performance,Y,20,9B,"MSA counties from 25,000 thru 99,999",9,MSA Counties,N,20,,Y,16,3,19,5,11,16,0.8,1.4,2019-01-01,2022-01-01,2022-01-01,2022-01-01,2022-01-01,2022-01-01,N,SCHOHARIE,"Albany-Schenectady-Troy, NY",Y,Y,Y
134712022,13471,2022,NY0480000,NY0480000,,N,N,,I,SCHUYLER,SCHUYLER CO SHERIFF'S DEPARTMENT WATKINS GLEN,Schuyler,,A,38,New York,NY,NY,2,Middle Atlantic,1,Northeast,Region I,County,15970,23384,NYUCR0001,New York State Division of Criminal Justice Services Office of Justice Research and Performance,N,15,8C,"Non-MSA counties from 10,000 thru 24,999",8,Non-MSA Counties,N,15,,Y,15,0,15,0,3,3,0.9,1.1,2019-01-01,2021-11-01,2021-11-01,2021-11-01,2021-11-01,2021-11-01,N,SCHUYLER,Not Specified,Y,Y,Y
134732022,13473,2022,NY0490000,NY0490000,,N,N,,I,SENECA,SENECA CO SHERIFF'S DEPARTMENT WATERLOO,Seneca,,A,38,New York,NY,NY,2,Middle Atlantic,1,Northeast,Region I,County,19554,23384,NYUCR0001,New York State Division of Criminal Justice Services Office of Justice Research and Performance,N,15,8C,"Non-MSA counties from 10,000 thru 24,999",8,Non-MSA Counties,N,15,,Y,33,0,33,2,0,2,1.8,1.8,2019-01-01,2020-09-01,2020-09-01,2020-09-01,2020-09-01,2020-09-01,N,SENECA,Not Specified,Y,Y,Y
134752022,13475,2022,NY0492100,NY0492100,,N,N,,I,WATERLOO VILLAGE,WATERLOO VILLAGE PD WATERLOO,Waterloo Village,,A,38,New York,NY,NY,2,Middle Atlantic,1,Northeast,Region I,City,4841,23384,NYUCR0001,New York State Division of Criminal Justice Services Office of Justice Research and Performance,N,10,6,"Cities from 2,500 thru 9,999",6,"Cities from 2,500 thru 9,999",N,10,,Y,7,0,7,0,1,1,1.4,1.7,2019-01-01,2020-06-01,2020-06-01,2020-06-01,2020-06-01,2020-06-01,N,SENECA,Not Specified,Y,Y,Y
134782022,13478,2022,NY0500000,NY0500000,,N,N,,I,STEUBEN,STEUBEN CO SHERIFF'S DEPARTMENT BATH,Steuben,,A,38,New York,NY,NY,2,Middle Atlantic,1,Northeast,Region I,County,57967,23384,NYUCR0001,New York State Division of Criminal Justice Services Office of Justice Research and Performance,N,14,8B,"Non-MSA counties from 25,000 thru 99,999",8,Non-MSA Counties,N,14,,Y,37,2,39,3,8,11,0.7,0.9,2019-01-01,2021-09-01,2021-09-01,2021-09-01,2021-09-01,2021-09-01,N,STEUBEN,Not Specified,Y,Y,Y
135262022,13526,2022,NY0515900,NY0515900,,N,N,,I,SOUTHOLD TOWN,SOUTHOLD TOWN PD PECONIC,Southold Town,,A,38,New York,NY,NY,2,Middle Atlantic,1,Northeast,Region I,City,21347,23384,NYUCR0001,New York State Division of Criminal Justice Services Office of Justice Research and Performance,Y,9,5,"Cities from 10,000 thru 24,999",5,"Cities from 10,000 thru 24,999",N,9,,Y,46,7,53,9,11,20,2.6,3.4,2019-01-01,2019-08-01,2021-01-01,2021-01-01,2021-01-01,2021-01-01,N,SUFFOLK,"New York-Newark-Jersey City, NY-NJ-PA",Y,Y,Y
135382022,13538,2022,NY0530000,NY0530000,,N,N,,I,TIOGA,TIOGA CO SHERIFF'S DEPARTMENT OWEGO,Tioga,,A,38,New York,NY,NY,2,Middle Atlantic,1,Northeast,Region I,County,39845,23384,NYUCR0001,New York State Division of Criminal Justice Services Office of Justice Research and Performance,Y,20,9B,"MSA counties from 25,000 thru 99,999",9,MSA Counties,N,20,,Y,30,4,34,3,16,19,0.8,1.3,2019-01-01,2022-07-01,2022-07-01,2022-07-01,2022-07-01,2022-07-01,N,TIOGA,"Binghamton, NY",Y,Y,Y
135392022,13539,2022,NY0532000,NY0532000,,N,N,,I,WAVERLY VILLAGE,WAVERLY VILLAGE PD WAVERLY,Waverly Village,,A,38,New York,NY,NY,2,Middle Atlantic,1,Northeast,Region I,City,4233,23384,NYUCR0001,New York State Division of Criminal Justice Services Office of Justice Research and Performance,Y,10,6,"Cities from 2,500 thru 9,999",6,"Cities from 2,500 thru 9,999",N,10,,Y,9,0,9,0,1,1,2.1,2.4,2019-01-01,2022-05-01,2022-05-01,2022-05-01,2022-05-01,2022-05-01,N,TIOGA,"Binghamton, NY",Y,Y,Y
135532022,13553,2022,NY0550000,NY0550000,,N,N,,I,ULSTER,ULSTER CO SHERIFF'S DEPARTMENT KINGSTON,Ulster,,A,38,New York,NY,NY,2,Middle Atlantic,1,Northeast,Region I,County,46504,23384,NYUCR0001,New York State Division of Criminal Justice Services Office of Justice Research and Performance,Y,20,9B,"MSA counties from 25,000 thru 99,999",9,MSA Counties,N,20,,Y,58,13,71,5,17,22,1.4,2.0,2019-01-01,2021-01-01,2021-01-01,2021-01-01,2021-01-01,2021-01-01,N,ULSTER,"Kingston, NY",Y,Y,Y
135562022,13556,2022,NY0550300,NY0550300,,N,N,,I,ULSTER REG GNG ENF NRC T,ULSTER REG GNG ENF NARC T,Ulster Regional Gang Enforcement Narcotics Team,,A,38,New York,NY,NY,2,Middle Atlantic,1,Northeast,Region I,Other,0,23384,NYUCR0001,New York State Division of Criminal Justice Services Office of Justice Research and Performance,Y,11,7,"Cities under 2,500",7,"Cities under 2,500",N,11,,N,,,,,,,0,0,2019-01-01,2021-01-01,2021-01-01,2021-01-01,2021-01-01,2021-01-01,N,ULSTER,"Kingston, NY",Y,Y,Y
135602022,13560,2022,NY0552700,NY0552700,,N,N,,I,NEW PALTZ TOWN & VILLAGE,NEW PALTZ TOWN PD NEW PALTZ,New Paltz Town and Village,,A,38,New York,NY,NY,2,Middle Atlantic,1,Northeast,Region I,City,14732,23384,NYUCR0001,New York State Division of Criminal Justice Services Office of Justice Research and Performance,Y,9,5,"Cities from 10,000 thru 24,999",5,"Cities from 10,000 thru 24,999",N,9,,Y,21,1,22,5,3,8,1.8,2.0,2019-01-01,2021-01-01,2021-01-01,2021-01-01,2021-01-01,2021-01-01,N,ULSTER,"Kingston, NY",Y,Y,Y
135612022,13561,2022,NY0555600,NY0555600,,N,N,,I,LLOYD TOWN,LLOYD TOWN PD HIGHLAND,Lloyd Town,,A,38,New York,NY,NY,2,Middle Atlantic,1,Northeast,Region I,City,11372,23384,NYUCR0001,New York State Division of Criminal Justice Services Office of Justice Research and Performance,Y,9,5,"Cities from 10,000 thru 24,999",5,"Cities from 10,000 thru 24,999",N,9,,Y,9,1,10,0,1,1,0.8,1.0,2019-01-01,2020-09-01,2020-09-01,2020-10-01,2020-10-01,2020-10-01,N,ULSTER,"Kingston, NY",Y,Y,Y
135622022,13562,2022,NY0555800,NY0555800,,N,N,,I,MARLBOROUGH TOWN,MARLBOROUGH TOWN PD MILTON,Marlborough Town,,A,38,New York,NY,NY,2,Middle Atlantic,1,Northeast,Region I,City,8900,23384,NYUCR0001,New York State Division of Criminal Justice Services Office of Justice Research and Performance,Y,10,6,"Cities from 2,500 thru 9,999",6,"Cities from 2,500 thru 9,999",N,10,,Y,8,0,8,0,3,3,0.9,1.2,2019-01-01,2021-08-01,2021-08-01,2021-08-01,2021-08-01,2021-08-01,N,ULSTER,"Kingston, NY",Y,Y,Y
135642022,13564,2022,NY0556100,NY0556100,,N,N,,I,PLATTEKILL TOWN,PLATTEKILL TOWN PD MODENA,Plattekill Town,,A,38,New York,NY,NY,2,Middle Atlantic,1,Northeast,Region I,City,10534,23384,NYUCR0001,New York State Division of Criminal Justice Services Office of Justice Research and Performance,Y,9,5,"Cities from 10,000 thru 24,999",5,"Cities from 10,000 thru 24,999",N,9,,N,0,0,0,0,0,0,0.0,0.0,2019-01-01,2020-08-01,2020-08-01,2020-08-01,2020-08-01,2020-08-01,N,ULSTER,"Kingston, NY",Y,Y,Y
135652022,13565,2022,NY0556600,NY0556600,,N,N,,I,WOODSTOCK TOWN,WOODSTOCK TOWN PD WOODSTOCK,Woodstock Town,,A,38,New York,NY,NY,2,Middle Atlantic,1,Northeast,Region I,City,6322,23384,NYUCR0001,New York State Division of Criminal Justice Services Office of Justice Research and Performance,Y,10,6,"Cities from 2,500 thru 9,999",6,"Cities from 2,500 thru 9,999",N,10,,Y,9,0,9,1,0,1,1.6,1.6,2019-01-01,2021-01-01,2021-01-01,2021-01-01,2021-01-01,2021-01-01,N,ULSTER,"Kingston, NY",Y,Y,Y
135662022,13566,2022,NY0558000,NY0558000,,N,N,,I,SAUGERTIES TOWN,SAUGERTIES TOWN PD SAUGERTIES,Saugerties Town,,A,38,New York,NY,NY,2,Middle Atlantic,1,Northeast,Region I,City,19323,23384,NYUCR0001,New York State Division of Criminal Justice Services Office of Justice Research and Performance,Y,9,5,"Cities from 10,000 thru 24,999",5,"Cities from 10,000 thru 24,999",N,9,,Y,20,1,21,3,3,6,1.2,1.4,2019-01-01,2021-01-01,2021-01-01,2021-01-01,2021-01-01,2021-01-01,N,ULSTER,"Kingston, NY",Y,Y,Y
135672022,13567,2022,NY0558100,NY0558100,,N,N,,I,SHANDAKEN TOWN,SHANDAKEN TOWN PD SHANDAKEN,Shandaken Town,,A,38,New York,NY,NY,2,Middle Atlantic,1,Northeast,Region I,City,2896,23384,NYUCR0001,New York State Division of Criminal Justice Services Office of Justice Research and Performance,Y,10,6,"Cities from 2,500 thru 9,999",6,"Cities from 2,500 thru 9,999",N,10,,Y,3,0,3,0,0,0,1.0,1.0,2019-01-01,2020-06-01,2020-06-01,2020-06-01,2020-06-01,2020-06-01,N,ULSTER,"Kingston, NY",Y,Y,Y
135682022,13568,2022,NY0559100,NY0559100,,N,N,,I,ROSENDALE TOWN,ROSENDALE VILLAGE PD ROSENDALE,Rosendale Town,,A,38,New York,NY,NY,2,Middle Atlantic,1,Northeast,Region I,City,5813,23384,NYUCR0001,New York State Division of Criminal Justice Services Office of Justice Research and Performance,Y,10,6,"Cities from 2,500 thru 9,999",6,"Cities from 2,500 thru 9,999",N,10,,Y,2,0,2,0,0,0,0.3,0.3,2019-01-01,2021-01-01,2021-01-01,2021-01-01,2021-01-01,2021-01-01,N,ULSTER,"Kingston, NY",Y,Y,Y
135692022,13569,2022,NY0559500,NY0559500,,N,N,,I,ULSTER TOWN,ULSTER TOWN POLICE DEPARTMENT,Ulster Town,,A,38,New York,NY,NY,2,Middle Atlantic,1,Northeast,Region I,City,12803,23384,NYUCR0001,New York State Division of Criminal Justice Services Office of Justice Research and Performance,Y,9,5,"Cities from 10,000 thru 24,999",5,"Cities from 10,000 thru 24,999",N,9,,Y,20,0,20,2,3,5,1.7,2.0,2019-01-01,2021-01-01,2021-01-01,2021-01-01,2021-01-01,2021-01-01,N,ULSTER,"Kingston, NY",Y,Y,Y
135732022,13573,2022,NY0559900,NY0559900,,N,N,,I,SHAWANGUNK TOWN,SHAWANGUNK TOWN PD WALLKILL,Shawangunk Town,,A,38,New York,NY,NY,2,Middle Atlantic,1,Northeast,Region I,City,13680,23384,NYUCR0001,New York State Division of Criminal Justice Services Office of Justice Research and Performance,Y,9,5,"Cities from 10,000 thru 24,999",5,"Cities from 10,000 thru 24,999",N,9,,Y,4,0,4,1,0,1,0.4,0.4,2019-01-01,2020-09-01,2020-09-01,2020-09-01,2020-09-01,2020-09-01,N,ULSTER,"Kingston, NY",Y,Y,Y
135742022,13574,2022,NY0560000,NY0560000,,N,N,,I,WARREN,WARREN CO SHERIFF'S DEPARTMENT LAKE GEORGE,Warren,,A,38,New York,NY,NY,2,Middle Atlantic,1,Northeast,Region I,County,49430,23384,NYUCR0001,New York State Division of Criminal Justice Services Office of Justice Research and Performance,Y,20,9B,"MSA counties from 25,000 thru 99,999",9,MSA Counties,N,20,,Y,73,23,96,2,14,16,1.5,2.3,2019-01-01,2021-01-01,2021-01-01,2021-01-01,2021-01-01,2021-01-01,N,WARREN,"Glens Falls, NY",Y,Y,Y
135752022,13575,2022,NY0560100,NY0560100,,N,N,,I,GLENS FALLS,GLENS FALLS CITY PD GLENS FALLS,Glens Falls,,A,38,New York,NY,NY,2,Middle Atlantic,1,Northeast,Region I,City,14639,23384,NYUCR0001,New York State Division of Criminal Justice Services Office of Justice Research and Performance,N,9,5,"Cities from 10,000 thru 24,999",5,"Cities from 10,000 thru 24,999",N,9,,Y,25,0,25,0,2,2,1.7,1.8,2019-01-01,2020-07-01,2020-07-01,2020-07-01,2020-07-01,2020-07-01,N,WARREN,"Glens Falls, NY",Y,Y,Y
135812022,13581,2022,NY0570000,NY0570000,,N,N,,I,WASHINGTON,WASHINGTON CO SHERIFF'S DEPARTMENT,Washington,,A,38,New York,NY,NY,2,Middle Atlantic,1,Northeast,Region I,County,42357,23384,NYUCR0001,New York State Division of Criminal Justice Services Office of Justice Research and Performance,Y,20,9B,"MSA counties from 25,000 thru 99,999",9,MSA Counties,N,20,,Y,39,0,39,3,5,8,1.0,1.1,2019-01-01,2022-11-01,2022-11-01,2022-11-01,2022-11-01,2022-11-01,N,WASHINGTON,"Glens Falls, NY",Y,Y,Y
136052022,13605,2022,NY0590400,NY0590400,,N,N,,I,NEW ROCHELLE,NEW ROCHELLE CITY PD NEW ROCHELLE,New Rochelle,,A,38,New York,NY,NY,2,Middle Atlantic,1,Northeast,Region I,City,82628,23384,NYUCR0001,New York State Division of Criminal Justice Services Office of Justice Research and Performance,N,7,3,"Cities from 50,000 thru 99,999",3,"Cities from 50,000 thru 99,999",N,7,,Y,156,20,176,19,21,40,2.1,2.6,2019-01-01,2020-01-01,2020-01-01,2020-02-01,2020-02-01,2020-02-01,N,WESTCHESTER,"New York-Newark-Jersey City, NY-NJ-PA",Y,Y,Y
136082022,13608,2022,NY0590700,NY0590700,,N,N,,I,YONKERS,YONKERS CITY PD YONKERS,Yonkers,,A,38,New York,NY,NY,2,Middle Atlantic,1,Northeast,Region I,City,208100,23384,NYUCR0001,New York State Division of Criminal Justice Services Office of Justice Research and Performance,N,6,2,"Cities from 100,000 thru 249,999",2,"Cities from 100,000 thru 249,999",Y,6,,Y,524,36,560,96,47,143,3.0,3.4,2019-01-01,2020-12-01,2021-01-01,2021-01-01,2021-01-01,2021-01-01,N,WESTCHESTER,"New York-Newark-Jersey City, NY-NJ-PA",Y,Y,Y
136112022,13611,2022,NY0591000,NY0591000,,N,N,,I,SCARSDALE VILLAGE,SCARSDALE VILLAGE PD SCARSDALE,Scarsdale Village,,A,38,New York,NY,NY,2,Middle Atlantic,1,Northeast,Region I,City,17747,23384,NYUCR0001,New York State Division of Criminal Justice Services Office of Justice Research and Performance,Y,9,5,"Cities from 10,000 thru 24,999",5,"Cities from 10,000 thru 24,999",N,9,,Y,37,3,40,6,2,8,2.4,2.7,2019-01-01,2021-01-01,2021-01-01,2021-01-01,2021-01-01,2021-01-01,N,WESTCHESTER,"New York-Newark-Jersey City, NY-NJ-PA",Y,Y,Y
136212022,13621,2022,NY0592800,NY0592800,,N,N,,I,TARRYTOWN VILLAGE,TARRYTOWN VILLAGE PD TARRYTOWN,Tarrytown Village,,A,38,New York,NY,NY,2,Middle Atlantic,1,Northeast,Region I,City,11587,23384,NYUCR0001,New York State Division of Criminal Justice Services Office of Justice Research and Performance,Y,9,5,"Cities from 10,000 thru 24,999",5,"Cities from 10,000 thru 24,999",N,9,,Y,30,0,30,3,4,7,2.8,3.2,2019-01-01,2021-01-01,2021-01-01,2021-01-01,2021-01-01,2021-01-01,N,WESTCHESTER,"New York-Newark-Jersey City, NY-NJ-PA",Y,Y,Y
136312022,13631,2022,NY0595000,NY0595000,,N,N,,I,BEDFORD TOWN,BEDFORD TOWN PD BEDFORD,Bedford Town,,A,38,New York,NY,NY,2,Middle Atlantic,1,Northeast,Region I,City,16989,23384,NYUCR0001,New York State Division of Criminal Justice Services Office of Justice Research and Performance,Y,9,5,"Cities from 10,000 thru 24,999",5,"Cities from 10,000 thru 24,999",N,9,,Y,31,2,33,7,3,10,2.2,2.5,2019-01-01,2020-12-01,2020-12-01,2020-12-01,2020-12-01,2020-12-01,N,WESTCHESTER,"New York-Newark-Jersey City, NY-NJ-PA",Y,Y,Y
136332022,13633,2022,NY0595300,NY0595300,,N,N,,I,GREENBURGH TOWN,GREENBURGH TOWN PD WHITE PLAINS,Greenburgh Town,,A,38,New York,NY,NY,2,Middle Atlantic,1,Northeast,Region I,City,45094,23384,NYUCR0001,New York State Division of Criminal Justice Services Office of Justice Research and Performance,Y,8,4,"Cities from 25,000 thru 49,999",4,"Cities from 25,000 thru 49,999",N,8,,Y,96,16,112,19,11,30,2.6,3.1,2019-01-01,2019-04-01,2019-04-01,2020-01-01,2020-01-01,2020-01-01,N,WESTCHESTER,"New York-Newark-Jersey City, NY-NJ-PA",Y,Y,Y
136412022,13641,2022,NY0596800,NY0596800,,N,N,,I,YORKTOWN TOWN,YORKTOWN TOWN PD YORKTOWN HEIGHTS,Yorktown Town,,A,38,New York,NY,NY,2,Middle Atlantic,1,Northeast,Region I,City,35529,23384,NYUCR0001,New York State Division of Criminal Justice Services Office of Justice Research and Performance,Y,8,4,"Cities from 25,000 thru 49,999",4,"Cities from 25,000 thru 49,999",N,8,,Y,55,3,58,3,6,9,1.6,1.9,2019-01-01,2021-01-01,2021-01-01,2021-01-01,2021-01-01,2021-01-01,N,WESTCHESTER,"New York-Newark-Jersey City, NY-NJ-PA",Y,Y,Y
136472022,13647,2022,NY0600000,NY0600000,,N,N,,I,WYOMING,WYOMING CO SHERIFF'S DEPARTMENT WARSAW,Wyoming,,A,38,New York,NY,NY,2,Middle Atlantic,1,Northeast,Region I,County,29249,23384,NYUCR0001,New York State Division of Criminal Justice Services Office of Justice Research and Performance,N,14,8B,"Non-MSA counties from 25,000 thru 99,999",8,Non-MSA Counties,N,14,,Y,27,5,32,4,8,12,1.1,1.5,2019-01-01,2021-02-01,2021-03-01,2021-03-01,2021-03-01,2021-03-01,N,WYOMING,Not Specified,Y,Y,Y
136482022,13648,2022,NY0602000,NY0602000,,N,N,,I,ARCADE VILLAGE,ARCADE VILLAGE PD ARCADE,Arcade Village,,A,38,New York,NY,NY,2,Middle Atlantic,1,Northeast,Region I,City,1975,23384,NYUCR0001,New York State Division of Criminal Justice Services Office of Justice Research and Performance,N,11,7,"Cities under 2,500",7,"Cities under 2,500",N,11,,Y,6,0,6,0,0,0,3.0,3.0,2019-01-01,2020-10-01,2020-10-01,2020-10-01,2020-10-01,2020-10-01,N,WYOMING,Not Specified,Y,Y,Y
136532022,13653,2022,NY0610000,NY0610000,,N,N,,I,YATES,YATES CO SHERIFF'S DEPARTMENT PENN YAN,Yates,,A,38,New York,NY,NY,2,Middle Atlantic,1,Northeast,Region I,County,19666,23384,NYUCR0001,New York State Division of Criminal Justice Services Office of Justice Research and Performance,Y,21,9C,"MSA counties from 10,000 thru 24,999",9,MSA Counties,N,21,,Y,22,9,31,4,8,12,1.3,2.2,2019-01-01,2021-02-01,2021-02-01,2021-02-01,2021-02-01,2021-02-01,N,YATES,"Rochester, NY",Y,Y,Y
136702022,13670,2022,NY206UN00,NY206UN00,,N,N,,I,SUNY POLICE: FREDONIA,SUNY COLLEGE: FREDONIA,State University of New York Police:,Fredonia,A,38,New York,NY,NY,2,Middle Atlantic,1,Northeast,Region I,University or College,0,23384,NYUCR0001,New York State Division of Criminal Justice Services Office of Justice Research and Performance,N,11,7,"Cities under 2,500",7,"Cities under 2,500",N,11,,Y,13,2,15,2,2,4,0,0,2019-01-01,2020-07-01,2020-07-01,2020-07-01,2020-07-01,2020-07-01,N,CHAUTAUQUA,Not Specified,Y,Y,Y
136752022,13675,2022,NY214UB00,NY214UB00,,N,N,,I,SUNY POLICE: BUFFALO,SUNY: BUFFALO,State University of New York Police:,Buffalo,A,38,New York,NY,NY,2,Middle Atlantic,1,Northeast,Region I,University or College,0,23384,NYUCR0001,New York State Division of Criminal Justice Services Office of Justice Research and Performance,Y,11,7,"Cities under 2,500",7,"Cities under 2,500",N,11,,Y,50,6,56,12,7,19,0,0,2019-01-01,2021-06-01,2021-06-01,2021-06-01,2021-06-01,2021-06-01,N,ERIE,"Buffalo-Cheektowaga, NY",Y,Y,Y
136762022,13676,2022,NY214UC00,NY214UC00,,N,N,,I,SUNY POLICE: BUFFALO STATE COLLEGE,SUNY COLLEGE: BUFFALO,State University of New York Police:,Buffalo State College,A,38,New York,NY,NY,2,Middle Atlantic,1,Northeast,Region I,University or College,0,23384,NYUCR0001,New York State Division of Criminal Justice Services Office of Justice Research and Performance,Y,11,7,"Cities under 2,500",7,"Cities under 2,500",N,11,,Y,23,3,26,6,3,9,0,0,2019-01-01,2021-01-01,2021-01-01,2021-01-01,2021-01-01,2021-01-01,N,ERIE,"Buffalo-Cheektowaga, NY",Y,Y,Y
136782022,13678,2022,NY225UN00,NY225UN00,,N,N,,I,SUNY POLICE: GENESEO,SUNY COLLEGE: GENESEO,State University of New York Police:,Geneseo,A,38,New York,NY,NY,2,Middle Atlantic,1,Northeast,Region I,University or College,0,23384,NYUCR0001,New York State Division of Criminal Justice Services Office of Justice Research and Performance,Y,11,7,"Cities under 2,500",7,"Cities under 2,500",N,11,,Y,13,1,14,3,5,8,0,0,2019-01-01,2021-01-01,2021-01-01,2021-01-01,2021-01-01,2021-01-01,N,LIVINGSTON,"Rochester, NY",Y,Y,Y
136792022,13679,2022,NY226UN00,NY226UN00,,N,N,,I,SUNY POLICE: MORRISVILLE,SUNY A&T COL:MORRISVILLE,State University of New York Police:,Morrisville,A,38,New York,NY,NY,2,Middle Atlantic,1,Northeast,Region I,University or College,0,23384,NYUCR0001,New York State Division of Criminal Justice Services Office of Justice Research and Performance,Y,11,7,"Cities under 2,500",7,"Cities under 2,500",N,11,,Y,10,1,11,2,1,3,0,0,2019-01-01,2022-05-01,2022-06-01,2022-06-01,2022-06-01,2022-06-01,N,MADISON,"Syracuse, NY",Y,Y,Y
136802022,13680,2022,NY227UN00,NY227UN00,,N,N,,I,SUNY POLICE: BROCKPORT,SUNY COLLEGE: BROCKPORT,State University of New York Police:,Brockport,A,38,New York,NY,NY,2,Middle Atlantic,1,Northeast,Region I,University or College,0,23384,NYUCR0001,New York State Division of Criminal Justice Services Office of Justice Research and Performance,Y,11,7,"Cities under 2,500",7,"Cities under 2,500",N,11,,Y,13,2,15,2,4,6,0,0,2019-01-01,2020-10-01,2020-10-01,2020-10-01,2020-10-01,2020-10-01,N,MONROE,"Rochester, NY",Y,Y,Y
136822022,13682,2022,NY230UN00,NY230UN00,,N,N,,I,SUNY POLICE: OPTOMETRY,SUNY COLLEGE: OPTOMETRY,State University of New York Police:,Optometry,A,38,New York,NY,NY,2,Middle Atlantic,1,Northeast,Region I,University or College,0,23384,NYUCR0001,New York State Division of Criminal Justice Services Office of Justice Research and Performance,Y,11,7,"Cities under 2,500",7,"Cities under 2,500",N,11,,Y,6,7,13,1,3,4,0,0,2019-01-01,2021-01-01,2021-01-01,2021-01-01,2021-01-01,2021-01-01,N,NEW YORK,"New York-Newark-Jersey City, NY-NJ-PA",Y,Y,Y
136832022,13683,2022,NY232UN00,NY232UN00,,N,N,,I,SUNY POLICE: POLYTECHNIC INSTITUTE,SUNY COLLEGE: UTICA-ROME,State University of New York Police:,Polytechnic Institute,A,38,New York,NY,NY,2,Middle Atlantic,1,Northeast,Region I,University or College,0,23384,NYUCR0001,New York State Division of Criminal Justice Services Office of Justice Research and Performance,Y,11,7,"Cities under 2,500",7,"Cities under 2,500",N,11,,Y,10,3,13,2,2,4,0,0,2019-01-01,2020-07-01,2020-07-01,2020-07-01,2020-07-01,2020-07-01,N,ONEIDA,"Utica-Rome, NY",Y,Y,Y
136872022,13687,2022,NY237UN00,NY237UN00,,N,N,,I,SUNY POLICE: OSWEGO,SUNY COLLEGE: OSWEGO,State University of New York Police:,Oswego,A,38,New York,NY,NY,2,Middle Atlantic,1,Northeast,Region I,University or College,0,23384,NYUCR0001,New York State Division of Criminal Justice Services Office of Justice Research and Performance,Y,11,7,"Cities under 2,500",7,"Cities under 2,500",N,11,,Y,14,3,17,1,2,3,0,0,2019-01-01,2020-10-01,2020-10-01,2020-10-01,2020-10-01,2020-10-01,N,OSWEGO,"Syracuse, NY",Y,Y,Y
136932022,13693,2022,NY251UF00,NY251UF00,,N,N,,I,SUNY POLICE: FARMINGDALE,SUNY A&T COL:FARMINGDALE,State University of New York Police:,Farmingdale,A,38,New York,NY,NY,2,Middle Atlantic,1,Northeast,Region I,University or College,0,23384,NYUCR0001,New York State Division of Criminal Justice Services Office of Justice Research and Performance,Y,11,7,"Cities under 2,500",7,"Cities under 2,500",N,11,,Y,16,7,23,6,3,9,0,0,2019-01-01,2020-10-01,2020-10-01,2020-10-01,2020-10-01,2020-10-01,N,SUFFOLK,"New York-Newark-Jersey City, NY-NJ-PA",Y,Y,Y
136942022,13694,2022,NY251US00,NY251US00,,N,N,,I,SUNY POLICE: STONY BROOK,SUNY: STONY BROOK,State University of New York Police:,Stony Brook,A,38,New York,NY,NY,2,Middle Atlantic,1,Northeast,Region I,University or College,0,23384,NYUCR0001,New York State Division of Criminal Justice Services Office of Justice Research and Performance,Y,11,7,"Cities under 2,500",7,"Cities under 2,500",N,11,,Y,52,67,119,15,16,31,0,0,2019-01-01,2021-01-01,2021-01-01,2021-01-01,2021-01-01,2021-01-01,N,SUFFOLK,"New York-Newark-Jersey City, NY-NJ-PA",Y,Y,Y
136952022,13695,2022,NY054119E,NY254UC00,,N,N,,I,CORNELL UNIVERSITY,CORNELL UNIV POLICE 911 CENTER,Cornell University,,A,38,New York,NY,NY,2,Middle Atlantic,1,Northeast,Region I,University or College,0,23384,NYUCR0001,New York State Division of Criminal Justice Services Office of Justice Research and Performance,Y,11,7,"Cities under 2,500",7,"Cities under 2,500",N,11,,Y,42,15,57,5,15,20,0,0,2019-01-01,2019-08-01,2019-08-01,2020-01-01,2020-01-01,2020-01-01,N,TOMPKINS,"Ithaca, NY",Y,Y,Y
136972022,13697,2022,NY255UN00,NY255UN00,,N,N,,I,SUNY POLICE: NEW PALTZ,SUNY COLLEGE: NEW PALTZ,State University of New York Police:,New Paltz,A,38,New York,NY,NY,2,Middle Atlantic,1,Northeast,Region I,University or College,0,23384,NYUCR0001,New York State Division of Criminal Justice Services Office of Justice Research and Performance,Y,11,7,"Cities under 2,500",7,"Cities under 2,500",N,11,,Y,14,0,14,5,4,9,0,0,2019-01-01,2021-01-01,2021-01-01,2021-01-01,2021-01-01,2021-01-01,N,ULSTER,"Kingston, NY",Y,Y,Y
140572022,14057,2022,NYDI02100,NYDI02100,,Y,N,,I,ONEIDA INDIAN NATION,ONEIDA INDIAN NATION POLICE DEPARTMENT,Oneida Indian Nation,,A,38,New York,NY,NY,2,Middle Atlantic,1,Northeast,Region I,Tribal,0,32314,NYDI02100,Oneida Indian Nation,Y,11,7,"Cities under 2,500",7,"Cities under 2,500",N,11,,Y,33,3,36,4,3,7,0,0,2020-12-01,2020-12-01,2020-12-01,2020-12-01,2020-12-01,2020-12-01,N,NOT SPECIFIED,"Syracuse, NY",Y,Y,Y
140582022,14058,2022,NYDI02200,NYDI02200,,Y,N,,I,ST. REGIS TRIBAL,ST REGIS TRIBAL POLICE DEPARTMENT,St. Regis Tribal,,A,38,New York,NY,NY,2,Middle Atlantic,1,Northeast,Region I,Tribal,0,32618,NYDI02200,St. Regis Tribal,N,11,7,"Cities under 2,500",7,"Cities under 2,500",N,11,,Y,21,3,24,5,2,7,0,0,2021-01-01,2021-01-01,2021-01-01,2021-01-01,2021-01-01,2021-01-01,N,NOT SPECIFIED,Not Specified,Y,Y,Y
231532022,23153,2022,NY0490100,NY0490100,,N,N,,I,SENECA FALLS TOWN,SENECA FALLS TOWN,Seneca Falls Town,,A,38,New York,NY,NY,2,Middle Atlantic,1,Northeast,Region I,City,8894,23384,NYUCR0001,New York State Division of Criminal Justice Services Office of Justice Research and Performance,N,10,6,"Cities from 2,500 thru 9,999",6,"Cities from 2,500 thru 9,999",N,10,,Y,16,0,16,2,2,4,2.0,2.2,2019-01-01,2020-08-01,2020-08-01,2020-09-01,2020-09-01,2020-09-01,N,SENECA,Not Specified,Y,Y,Y
291742022,29174,2022,NY0315900,NY0315900,,N,N,,I,SOMERSET TOWN,,Somerset Town,,A,38,New York,NY,NY,2,Middle Atlantic,1,Northeast,Region I,City,1992,23384,NYUCR0001,New York State Division of Criminal Justice Services Office of Justice Research and Performance,Y,11,7,"Cities under 2,500",7,"Cities under 2,500",N,11,,N,0,0,0,0,0,0,0.0,0.0,2019-01-01,2020-01-01,2020-01-01,2020-01-01,2020-01-01,2020-01-01,N,NIAGARA,"Buffalo-Cheektowaga, NY",Y,Y,Y
